,userid,screenname,retweeted,createdat,cleanedtext,sentiment
0,1595045810,AnotherAznTart,0,2021-03-28 23:59:43,rt kkmputrajaya wanita hamil kumpulan berisiko komplikasi penyakit dijangkiti covid justeru wanita hamâ€¦,0
1,409925007,RDYSPTR,0,2021-03-28 23:59:40,rt puthutea cek satpam teman yg tersebar wag warga sleman adanyapeningkatan covidâ€¦,1
2,1274974402048741377,Cr07fans1,0,2021-03-28 23:59:40,rt abuwaras patut apresiasi larangan mudik yg dikeluarkan pemerintah utk mencegah peningkatan covid masyarakat duâ€¦,0
3,1357700239168217090,RahmanR33500117,0,2021-03-28 23:59:38,rt djplkemenhub kawanlaut kemenhub penerapan alat pendeteksi covid karya anak bangsa â€œ genose â€ transportasiâ€¦,0
4,906066821723201536,ftnhhshm,0,2021-03-28 23:59:32,rt kkmputrajaya wanita hamil kumpulan berisiko komplikasi penyakit dijangkiti covid justeru wanita hamâ€¦,0
5,41730943,VIVAcoid,0,2021-03-28 23:59:32,rt ceritaanda pandemi covid hambat pendidikan indonesia sdgs tcoulaudybxt vstory,0
6,1267620009716535296,gorontalo_res,0,2021-03-28 23:59:23,ğ—ğ—²ğ—½ğ—²ğ—±ğ˜‚ğ—¹ğ—¶ğ—®ğ—» ğ—£ğ—¼ğ—¹ğ—¿ğ—¶ wilayah kabupaten gorontalo menjaga keselamatan masyarakat tertuâ€¦ tcomzaaafepvi,0
7,3838137374,rosywana,0,2021-03-28 23:59:22,rt kkmputrajaya wanita hamil kumpulan berisiko komplikasi penyakit dijangkiti covid justeru wanita hamâ€¦,0
8,937670086382333952,irulree,0,2021-03-28 23:59:21,rt dghisham kadar kebolehjangkitan covid rort jangkaan mengikut kes seharian hb march negara adalâ€¦,0
9,872321181281550336,miyomi19,0,2021-03-28 23:59:20,rt pencerah warga dki kayaknya muak gaya kepemimpinan aniesbaswedan alasan anggaran penangan câ€¦,0
10,247121028,SivFreak,0,2021-03-28 23:59:17,rt theghrack salam sy dgn rendah hati doakan kesembuhan utk pakcik amp makcik sy yg positive covid kelantan makcik baâ€¦,0
11,1267620009716535296,gorontalo_res,0,2021-03-28 23:59:05,ğ—ğ—²ğ—½ğ—²ğ—±ğ˜‚ğ—¹ğ—¶ğ—®ğ—» ğ—£ğ—¼ğ—¹ğ—¿ğ—¶ wilayah kabupaten gorontalo menjaga keselamatan masyarakat tertuâ€¦ tcobbosrcbto,0
12,322508869,CeritaAnda_,0,2021-03-28 23:59:02,pandemi covid hambat pendidikan indonesia sdgs tcoulaudybxt vstory,0
13,1357700239168217090,RahmanR33500117,0,2021-03-28 23:58:52,rt djplkemenhub kawanlaut berperang wabah covid memperkuat pertahanan caâ€¦,0
14,61807722,DonAlfauzi,0,2021-03-28 23:58:48,rt muhammadiyah edaran pp muhammadiyah tuntunan ibadah ramadan h kondisi darurat covid tcojipyynvofmuhâ€¦,1
15,1267620009716535296,gorontalo_res,0,2021-03-28 23:58:47,ğ—ğ—²ğ—½ğ—²ğ—±ğ˜‚ğ—¹ğ—¶ğ—®ğ—» ğ—£ğ—¼ğ—¹ğ—¿ğ—¶ wilayah kabupaten gorontalo menjaga keselamatan masyarakat tertuâ€¦ tcosgoowljx,0
16,129918410,Lleragonzalez,0,2021-03-28 23:58:44,rt cmdtegnralamb ğŸš¨ ğŸ“Š balance de lucha contra el covid marğŸš¨ğŸ‡¦ ğŸ‡¹ ğŸ‡ª ğŸ‡³ ğŸ‡¨ ğŸ‡® ğŸ‡´Ì ğŸ‡³ğŸš¨,0
17,424279981,AiedaAzam,0,2021-03-28 23:58:38,rt kkmputrajaya wanita hamil kumpulan berisiko komplikasi penyakit dijangkiti covid justeru wanita hamâ€¦,0
18,465145808,Ketepi_Ketepi,0,2021-03-28 23:58:31,rt kkmputrajaya wanita hamil kumpulan berisiko komplikasi penyakit dijangkiti covid justeru wanita hamâ€¦,0
19,1372682330519703553,Asifa44785865,0,2021-03-28 23:58:22,jelang menghadapi pekan olahraga nasional pon papua dilaksanakan oktober pemerintah menjâ€¦ tcociaqoc,1
20,177119846,_adibothman,0,2021-03-28 23:58:20,rt kkmputrajaya wanita hamil kumpulan berisiko komplikasi penyakit dijangkiti covid justeru wanita hamâ€¦,0
21,615827475,FaizRoseli,0,2021-03-28 23:58:08,rt thejakpar kampung orang asli lubuk perah tegangdalam situasi pandemik covid melanda negara pemaju amp berkuasâ€¦,0
22,1330769178,_adilayusof,0,2021-03-28 23:58:07,rt kkmputrajaya wanita hamil kumpulan berisiko komplikasi penyakit dijangkiti covid justeru wanita hamâ€¦,0
23,564951196,idnpublic,0,2021-03-28 23:58:03,pemprov dki jamin makam covid tpu rorotan ganggu sawah tconlvhyadvov terbaru berita cnn live,0
24,564951196,idnpublic,0,2021-03-28 23:58:02,survei charta politika mayoritas responden setuju penolak vaksin corona disanksi tcontkkezkkp terbaru berita editorial live,1
25,2869832432,amalmedianews,0,2021-03-28 23:58:01,covid doktor perancis amaran kes icu meningkat tcoonixadnxvn,1
26,1028367240993751040,fazvader,0,2021-03-28 23:57:57,rt kkmputrajaya wanita hamil kumpulan berisiko komplikasi penyakit dijangkiti covid justeru wanita hamâ€¦,0
27,1086137316807065600,gadih_orkid,0,2021-03-28 23:57:57,rt kkmputrajaya wanita hamil kumpulan berisiko komplikasi penyakit dijangkiti covid justeru wanita hamâ€¦,0
28,1267620009716535296,gorontalo_res,0,2021-03-28 23:57:46,ğ—ğ—²ğ—½ğ—²ğ—±ğ˜‚ğ—¹ğ—¶ğ—®ğ—» ğ—£ğ—¼ğ—¹ğ—¿ğ—¶ wilayah kabupaten gorontalo menjaga keselamatan masyarakat tertuâ€¦ tcolsenfblbf,0
29,1322542259191963649,langityang7,0,2021-03-28 23:57:45,rt separohkumis satgas covid sulawesi utara setop pemberian vaksin astrazenecaini bukti analisis kipi dlm pascâ€¦,0
30,950200822586945536,FadhliRudi,0,2021-03-28 23:57:45,rt pencerah warga dki kayaknya muak gaya kepemimpinan aniesbaswedan alasan anggaran penangan câ€¦,0
31,1267620009716535296,gorontalo_res,0,2021-03-28 23:57:32,ğ—ğ—²ğ—½ğ—²ğ—±ğ˜‚ğ—¹ğ—¶ğ—®ğ—» ğ—£ğ—¼ğ—¹ğ—¿ğ—¶ wilayah kabupaten gorontalo menjaga keselamatan masyarakat tertuâ€¦ tcogruavrsbi,0
32,1348123878770446341,KarenClaudia15,0,2021-03-28 23:57:28,jelang menghadapi pekan olahraga nasional pon papua dilaksanakan oktober pemerintah akanâ€¦ tcoxejfvivt,1
33,839634931722543104,pmrkeningau,0,2021-03-28 23:57:27,rt pmrkeningau bah ka kamurang daftar terima vaksinklik pautan panduan pendaftaran program vakâ€¦,0
34,1322542259191963649,langityang7,0,2021-03-28 23:57:22,rt separohkumis tembus juta penduduk indonesia vaksinsebagai negara pengguna vaksin pencapaian program vâ€¦,0
35,3300132794,HamizahAziz_,0,2021-03-28 23:57:20,rt kkmputrajaya wanita hamil kumpulan berisiko komplikasi penyakit dijangkiti covid justeru wanita hamâ€¦,0
36,1954101511,_nraziann,0,2021-03-28 23:57:19,rt kkmputrajaya wanita hamil kumpulan berisiko komplikasi penyakit dijangkiti covid justeru wanita hamâ€¦,0
37,1112640494960439296,sitiawe_,0,2021-03-28 23:57:14,rt kkmputrajaya wanita hamil kumpulan berisiko komplikasi penyakit dijangkiti covid justeru wanita hamâ€¦,0
38,163420507,jusbibkik,0,2021-03-28 23:57:09,samlawi sammyfish shintaaraa halddi therealdisastr duh kebiasaan bahas topiknya serangnya umur gwâ€¦ tcobakyckvynp,0
39,1164745061600382982,FFaesyal,0,2021-03-28 23:56:59,rt dradhambaba kerajaan meluluskan bantuan khas kewangan kesan mudarat vaksin covidi rm kesan sampingan yg seriusâ€¦,1
40,613200571,AZHARFRS,0,2021-03-28 23:56:57,rt katzenjammer interview dgn profesor jay bhattacharya varianÂ² covid tdk berbahaya mutasi virus menurunkanâ€¦,0
41,167464890,RaydoDeagustama,0,2021-03-28 23:56:57,rt firdzaradiany gawat klaster sekolah meledak sma kota padang smat kota bandung diâ€¦,0
42,892295206317441025,ImigrasiPO,0,2021-03-28 23:56:53,kantor imigrasi kelas ii non tpi ponorogo lupa patuhi protokol m masker meâ€¦ tcoxrsutgra,1
43,2219142890,syifa_1104,0,2021-03-28 23:56:49,rt kkmputrajaya wanita hamil kumpulan berisiko komplikasi penyakit dijangkiti covid justeru wanita hamâ€¦,0
44,1369134603148042243,GunturrBumi,0,2021-03-28 23:56:44,piala menpora ujian pelaksanaan kompetisi pandemi covid tcottvezxcrk,0
45,389810999,tabodanita,0,2021-03-28 23:56:42,minhelda btsvkookheart angka yg terkena covid diindia kayaknya diutamakan warna india,1
46,1369134603148042243,GunturrBumi,0,2021-03-28 23:56:41,menurutnya turnamen pramusim patuh penerapan protokol kesehatan prokes covid tcouyivxozm,1
47,1164745061600382982,FFaesyal,0,2021-03-28 23:56:32,rt jpenerangan vaksinasi masyarakat mengambil sejarah samada dijangkiti covid gejala mahupunâ€¦,0
48,84219094,Norsarihan,0,2021-03-28 23:56:31,rt dghisham kadar kebolehjangkitan covid rort jangkaan mengikut kes seharian hb march negara adalâ€¦,0
49,1164745061600382982,FFaesyal,0,2021-03-28 23:56:22,rt jkjavmy perbezaan tujuan utama pengambilan vaksin perlindungan keluargaâ€¦,0
50,1375850174929543172,Juwita48689149,0,2021-03-28 23:56:20,jelang menghadapi pekan olahraga nasional pon papua dilaksanakan oktober pemerintah menjâ€¦ tcoavecsny,1
51,2564756702,aizadhamzah,0,2021-03-28 23:56:19,rt kkmputrajaya wanita hamil kumpulan berisiko komplikasi penyakit dijangkiti covid justeru wanita hamâ€¦,0
52,976652642972721154,Jchris_68,0,2021-03-28 23:56:17,rt dghisham kadar kebolehjangkitan covid rort jangkaan mengikut kes seharian hb march negara adalâ€¦,0
53,1344085072081682432,pinkyyxx2,0,2021-03-28 23:56:16,manfaat vaksinasi covid menurunkan angka penyebaran kematian akibat virus corona sâ€¦ tcotupthtst,0
54,1352626673213083649,putrdan,0,2021-03-28 23:56:11,natasyaadlina eh ya allah lupa pulak covid still wujud smh ğŸ¤¦ğŸ»â€â™‚ï¸,0
55,1357700239168217090,RahmanR33500117,0,2021-03-28 23:56:04,rt kuppwanci kawanlautsalam sehat selaluselasa maret kupp wanci melaksanakan giat vaksin covid terminal penumpangâ€¦,1
56,707131926348345344,izzrosellee,0,2021-03-28 23:56:02,rt jbrullhhhh percaya takkan kenal hand sanitizer tu covid muncul,1
57,976652642972721154,Jchris_68,0,2021-03-28 23:56:01,rt japensarawak statistik terkini covid mac sumber jawatankuasa pengurusan bencana negeri sarawakcovidlindungdirilindâ€¦,0
58,1164745061600382982,FFaesyal,0,2021-03-28 23:56:00,rt kkmmgov memperkasa mengukuh melestarikan prasarana keselamatan siber malaysia fokus utama inisiatif pemerkasaan kesâ€¦,1
59,1164745061600382982,FFaesyal,0,2021-03-28 23:55:57,rt jpenerangan tiada data keselamatan keberkesanan vaksin covid kumpulan vaksin kajian klinâ€¦,1
60,976652642972721154,Jchris_68,0,2021-03-28 23:55:56,rt kkmputrajaya wanita hamil kumpulan berisiko komplikasi penyakit dijangkiti covid justeru wanita hamâ€¦,0
61,863944422,dfitriani1,0,2021-03-28 23:55:48,yg pengen sekolah offline ga yg kena covidkena covid lo ya kena efek obatan covidâ€¦ tcoyuuasco,0
62,1164745061600382982,FFaesyal,0,2021-03-28 23:55:41,rt jpenerangan memerangi covid terleka penyakit membawa maut denggi jaga keâ€¦,0
63,1287658635699425280,syaf_meung,0,2021-03-28 23:55:39,rt kkmputrajaya wanita hamil kumpulan berisiko komplikasi penyakit dijangkiti covid justeru wanita hamâ€¦,0
64,3267477056,hajarrulnisha,0,2021-03-28 23:55:37,rt kkmputrajaya wanita hamil kumpulan berisiko komplikasi penyakit dijangkiti covid justeru wanita hamâ€¦,0
65,1371317140536446977,mimacici2,0,2021-03-28 23:55:35,wahh manfaat vaksinasi covid menurunkan angka penyebaran kematian akibat virus corona jâ€¦ tcokzpizw,0
66,1373198810541748225,GumasssSiis,0,2021-03-28 23:55:29,pelaksanaan pon xx papua melibatkan ribu relawan dimana tahap offline pereâ€¦ tcoizkstjzppo,0
67,315251215,faizmahmod,0,2021-03-28 23:55:24,rt kkmputrajaya wanita hamil kumpulan berisiko komplikasi penyakit dijangkiti covid justeru wanita hamâ€¦,0
68,1370368545335349258,Aradira2,0,2021-03-28 23:55:18,pelaksanaan pon xx papua melibatkan ribu relawan dimana tahap offline pereâ€¦ tcottzblzwa,0
69,1164745061600382982,FFaesyal,0,2021-03-28 23:55:11,rt jpenerangan matlamat utama imunisasi covid melindungi petugas barisan hadapan mengurangkan kematian membentuk imunitiâ€¦,0
70,581644008,VIVAlife_,0,2021-03-28 23:55:02,rt vivacoid peduli pengangguran pandemi covid handika pratama lakukan tcoksyxdrbk,0
71,1344987129282105347,Yasmintie1,0,2021-03-28 23:55:00,manfaat vaksinasi covid menurunkan angka penyebaran kematian akibat virus corona jugaâ€¦ tcotqqgzwp,0
72,1344543887776354307,alillaa0,0,2021-03-28 23:55:00,manfaat vaksinasi covid menurunkan angka penyebaran kematian akibat virus corona sâ€¦ tcoftijpirf,0
73,1376169009645637635,hernan_heru,0,2021-03-28 23:55:00,manfaat vaksinasi covid menurunkan angka penyebaran kematian akibat virus corona sâ€¦ tcoxcxqaxg,0
74,1363758924277538820,SHINeeUptoo,0,2021-03-28 23:55:00,manfaat vaksinasi covid menurunkan angka penyebaran kematian akibat virus corona sâ€¦ tconqkwqoxkm,0
75,1351409538319089664,pickawMrsRiegoo,0,2021-03-28 23:55:00,pelaksanaan pon xx papua melibatkan ribu relawan dimana tahap offline pereâ€¦ tcorkfdmkazfp,0
76,1376272971707215872,Mansozour,0,2021-03-28 23:55:00,manfaat vaksinasi covid menurunkan angka penyebaran kematian akibat virus corona sâ€¦ tcojlrmosih,0
77,1372557984660742149,Putraut27950278,0,2021-03-28 23:55:00,jelang menghadapi pekan olahraga nasional pon dilaksanakan oktober pemerintah menjanjikan atâ€¦ tcokvtnuggt,1
78,1375049835443679233,macanmacankecil,0,2021-03-28 23:55:00,jelang menghadapi pekan olahraga nasional pon papua dilaksanakan oktober pemerintah menjâ€¦ tcomkrnsfl,1
79,1345316330392625152,luvcoklat4,0,2021-03-28 23:55:00,manfaat vaksinasi covid menurunkan angka penyebaran kematian akibat virus corona sâ€¦ tcoroinev,0
80,1192732902821203968,lopemaiselp,0,2021-03-28 23:55:00,manfaat vaksinasi covid menurunkan angka penyebaran kematian akibat virus corona sâ€¦ tcodeoeyzi,0
81,1347832520021143554,Aziz83960529,0,2021-03-28 23:55:00,manfaat vaksinasi covid menurunkan angka penyebaran kematian akibat virus corona sâ€¦ tcoaytxlxwfp,0
82,307302105,AbyJamil,0,2021-03-28 23:54:59,rt kkmputrajaya wanita hamil kumpulan berisiko komplikasi penyakit dijangkiti covid justeru wanita hamâ€¦,0
83,1204601609545641985,binjai_polsek,0,2021-03-28 23:54:56,mari samasama lawan penyebaran virus corona covidlawancoronadirumahaja tcovhfjnjij,0
84,374400735,Azril_Hosaini,0,2021-03-28 23:54:54,rt kkmputrajaya wanita hamil kumpulan berisiko komplikasi penyakit dijangkiti covid justeru wanita hamâ€¦,0
85,1307899846888628230,satlantasjembr1,0,2021-03-28 23:54:46,bersih bersih ruang pelayanandemi mencegah penyebaran covid tcojpgikbo,1
86,1204601609545641985,binjai_polsek,0,2021-03-28 23:54:45,mari samasama lawan penyebaran virus corona covidlawancoronadirumahaja tcobjtcctglq,0
87,1204601609545641985,binjai_polsek,0,2021-03-28 23:54:34,mari samasama lawan penyebaran virus corona covidlawancoronadirumahaja tcosecxulgp,0
88,41730943,VIVAcoid,0,2021-03-28 23:54:32,peduli pengangguran pandemi covid handika pratama lakukan tcoksyxdrbk,0
89,1204601609545641985,binjai_polsek,0,2021-03-28 23:54:21,mari samasama lawan penyebaran virus corona covidlawancoronadirumahaja tcobidzfrar,0
90,3114560647,rebitdebab,0,2021-03-28 23:54:16,rt theghrack salam sy dgn rendah hati doakan kesembuhan utk pakcik amp makcik sy yg positive covid kelantan makcik baâ€¦,0
91,1164745061600382982,FFaesyal,0,2021-03-28 23:54:11,rt jpenerangan fasa pemberian vaksin mengikut pelan imunisasi covid kebangsaan dirangka kementeriaâ€¦,0
92,1164745061600382982,FFaesyal,0,2021-03-28 23:53:57,rt jpenerangan tajuk covid | positifanda positif covid rumahjom tengok ahli rumah anâ€¦,1
93,1283924881290272775,cmdtegnralAMB,0,2021-03-28 23:53:57,ğŸš¨ ğŸ“Š balance de lucha contra el covid marğŸš¨ğŸ‡¦ ğŸ‡¹ ğŸ‡ª ğŸ‡³ ğŸ‡¨ ğŸ‡® ğŸ‡´Ì ğŸ‡³ğŸš¨ tcoqrciovzjm,0
94,780631812498350080,iddxyxh,0,2021-03-28 23:53:54,rt theghrack salam sy dgn rendah hati doakan kesembuhan utk pakcik amp makcik sy yg positive covid kelantan makcik baâ€¦,0
95,1307899846888628230,satlantasjembr1,0,2021-03-28 23:53:49,giat bersih bersih pelayanan bpkbdemikian mencegah penyebaran covid tcoerlxjzhe,1
96,1059725668231991296,fitrahjafri,0,2021-03-28 23:53:40,rt kkmputrajaya wanita hamil kumpulan berisiko komplikasi penyakit dijangkiti covid justeru wanita hamâ€¦,0
97,749175910939537409,doso_werdiadi,0,2021-03-28 23:53:33,rt ucikini pertarungan ideologis demokrat kader sibuk bantu rakyat lawan covid bantu umkm pasang wifi unâ€¦,1
98,1164745061600382982,FFaesyal,0,2021-03-28 23:53:21,rt jpenerangan pemakaian pelitup muka salah mitigasi mencegah risiko jangkitan penularan wabak covid pemakaiaâ€¦,0
99,1164745061600382982,FFaesyal,0,2021-03-28 23:53:19,rt jpenerangan elak s leka covid sentiasa covidkitateguhkitamenangkomunikasikitajabatanpenerangan httâ€¦,1
100,211738683,kimiimiar,0,2021-03-28 23:53:18,rt kkmputrajaya wanita hamil kumpulan berisiko komplikasi penyakit dijangkiti covid justeru wanita hamâ€¦,0
101,226855602,PapaQQs,0,2021-03-28 23:53:11,rt kkmputrajaya wanita hamil kumpulan berisiko komplikasi penyakit dijangkiti covid justeru wanita hamâ€¦,0
102,411319227,ArinaaZam,0,2021-03-28 23:53:10,rt kkmputrajaya wanita hamil kumpulan berisiko komplikasi penyakit dijangkiti covid justeru wanita hamâ€¦,0
103,375469526,qinqin_12,0,2021-03-28 23:53:10,sehat memakai masker pendeteksi covid pas bepergianpake maskerâ€¦ tcoippgfiyj,1
104,788000201235505154,subr33nvh,0,2021-03-28 23:53:06,rt kkmputrajaya wanita hamil kumpulan berisiko komplikasi penyakit dijangkiti covid justeru wanita hamâ€¦,0
105,163750368,ainkhairul,0,2021-03-28 23:52:46,rt kkmputrajaya wanita hamil kumpulan berisiko komplikasi penyakit dijangkiti covid justeru wanita hamâ€¦,0
106,486173963,sherrychiu__,0,2021-03-28 23:52:46,sinopharm uji coba menentukan suntikan penguat vaksin covid tcowufubyeirâ€¦ tcouweebahmyh,0
107,1281852479093633025,MellyLiawati,0,2021-03-28 23:52:29,rt kakekhalal terhormat divhumaspolri umat kristiani badah virtual anjuran pemerintah bpk presiden jokowi terkaâ€¦,1
108,950216736455892993,itsmeadlhshrh,0,2021-03-28 23:52:25,rt kkmputrajaya wanita hamil kumpulan berisiko komplikasi penyakit dijangkiti covid justeru wanita hamâ€¦,0
109,87325821,purirohermawan,0,2021-03-28 23:52:21,rt kompascom persediaan chip dunia langka akibat pandemi covid diperparah macetnya terusan suez tcogkâ€¦,0
110,584847012,munasyifaaziza,0,2021-03-28 23:52:20,rt dgipul pegawai bri bca kena covid isolasi mandiri nda ya,0
111,531206396,RatnaaEkaa,0,2021-03-28 23:52:10,jadwalnya vaksin covid dosismulai deg degan,0
112,931364002751332352,AdiNugroho231tw,0,2021-03-28 23:52:01,rt abuwaras patut apresiasi larangan mudik yg dikeluarkan pemerintah utk mencegah peningkatan covid masyarakat duâ€¦,0
113,221628846,nuoraein,0,2021-03-28 23:51:55,rt kkmputrajaya wanita hamil kumpulan berisiko komplikasi penyakit dijangkiti covid justeru wanita hamâ€¦,0
114,814172439382892545,HanyangHabbang,0,2021-03-28 23:51:54,rt thejakpar kampung orang asli lubuk perah tegangdalam situasi pandemik covid melanda negara pemaju amp berkuasâ€¦,0
115,359190411,habibullah_AHA,0,2021-03-28 23:51:29,rt kkmputrajaya wanita hamil kumpulan berisiko komplikasi penyakit dijangkiti covid justeru wanita hamâ€¦,0
116,1078607352507424769,Guse43935882,0,2021-03-28 23:51:22,rt hnurwahid ituperaturan presiden larangan mudik yg berlaku nasional jg larangan masuknya wnaturis asing indonesâ€¦,0
117,1267996713089822720,HBojongsari,0,2021-03-28 23:51:19,biasakan pakai maskermari cegah penyebaran covid tcoxygksdlji,0
118,66166134,_Heyo_,0,2021-03-28 23:51:12,kemarin pulau weh gagal biaya test covid mahal tcohogrlusxx,0
119,1268372630899322880,05Weru,0,2021-03-28 23:51:03,melaksanakan piket koramil serda suranto anggota koramil weru anggota polsek bs menyempatâ€¦ tcorpvkqbqx,0
120,1368735003933220864,PolsekSragi6,0,2021-03-28 23:50:50,disiplin protokol kesehatan cegah penyebaran covidbersamakitacegahcovid tcofjqkizryq,1
121,1343751985678352384,ratuie,0,2021-03-28 23:50:48,nnenunggu udaah kepotong covid bem nya keburu onlinein doain aja lulus kuliah offline lg deh zie ğŸ˜”,0
122,1265969804474646530,humaskintap,0,2021-03-28 23:50:45,melindungi covidâ€¢ memakai masker benarâ€¢ mencuci tangan pakai sabunâ€¢ menjaga jarak miâ€¦ tcoywjsfgeogs,1
123,784880701745213442,haziqProperty,0,2021-03-28 23:50:43,rt kkmputrajaya wanita hamil kumpulan berisiko komplikasi penyakit dijangkiti covid justeru wanita hamâ€¦,0
124,1361894242277199872,lutfia_ratih,0,2021-03-28 23:50:40,strategi percepatan msa tanam ne mengantisipasi krisis pangan akibat kemaru dn pandemi covid,0
125,390024738,pputrays,0,2021-03-28 23:50:31,moviemenfes tergantung bioskop nya sih bioskop ketentuannya beda beda yg beli tinggal beli yg nâ€¦ tcoeiltycaqh,0
126,1157124593452105728,ki_engi,0,2021-03-28 23:50:24,rt dghisham kadar kebolehjangkitan covid rort jangkaan mengikut kes seharian hb march negara adalâ€¦,0
127,1344217331082268673,qutershipper,0,2021-03-28 23:50:11,rt kkmputrajaya wanita hamil kumpulan berisiko komplikasi penyakit dijangkiti covid justeru wanita hamâ€¦,0
128,846564631,HakimBahrin,0,2021-03-28 23:50:10,rt kkmputrajaya wanita hamil kumpulan berisiko komplikasi penyakit dijangkiti covid justeru wanita hamâ€¦,0
129,591332946,riauaktual,0,2021-03-28 23:50:03,rt medianafs eksperimen covid spanyol sengaja konser musik ramai tcohxjkeaoeg,0
130,904658024,AmatTTJ,0,2021-03-28 23:50:03,rt kkmputrajaya wanita hamil kumpulan berisiko komplikasi penyakit dijangkiti covid justeru wanita hamâ€¦,0
131,180696019,SonoraFM92,0,2021-03-28 23:50:01,selangkah sehat mayapadahospital membahas vaksin coviddengan narasumbeâ€¦ tcorcxtnil,1
132,1196002144760938496,BIner_GBK,0,2021-03-28 23:49:54,rt ichaasrm cinta covid terjangkit kepikiran,1
133,1010034648,marifd95,0,2021-03-28 23:49:53,rt dghisham kadar kebolehjangkitan covid rort jangkaan mengikut kes seharian hb march negara adalâ€¦,0
134,1177674734621708288,aiman_amarth,0,2021-03-28 23:49:47,rt kkmputrajaya kes kematian warganegara akibat jangkitan covid dilaporkan menjadikan kematian covid malaysia adalaâ€¦,0
135,222033931,vouzmeyouz7,0,2021-03-28 23:49:46,rt kkmputrajaya wanita hamil kumpulan berisiko komplikasi penyakit dijangkiti covid justeru wanita hamâ€¦,0
136,3010186248,adobubble,0,2021-03-28 23:49:42,rt kkmputrajaya wanita hamil kumpulan berisiko komplikasi penyakit dijangkiti covid justeru wanita hamâ€¦,0
137,236521509,eneffeff,0,2021-03-28 23:49:41,rt kkmputrajaya wanita hamil kumpulan berisiko komplikasi penyakit dijangkiti covid justeru wanita hamâ€¦,0
138,123195324,medianaFS,0,2021-03-28 23:49:33,eksperimen covid spanyol sengaja konser musik ramai tcohxjkeaoeg,0
139,863944422,dfitriani1,0,2021-03-28 23:49:32,koswara inoe drkoko yg kontra narasi covid versi who amp cdc blm kena covid,0
140,570644197,saisyah_nar,0,2021-03-28 23:49:29,rt kkmputrajaya wanita hamil kumpulan berisiko komplikasi penyakit dijangkiti covid justeru wanita hamâ€¦,0
141,380247424,mistaaimanvevo,0,2021-03-28 23:49:25,rt kkmputrajaya wanita hamil kumpulan berisiko komplikasi penyakit dijangkiti covid justeru wanita hamâ€¦,0
142,894213247057801216,tampan_selalu_,0,2021-03-28 23:49:21,rt ichaasrm cinta covid terjangkit kepikiran,1
143,1261591995002130432,hyungwati,0,2021-03-28 23:49:20,rt zwolftenaugust guys need help urgent butuh donor darah gol a rhesus + plasma konvalesen penyintas covid udah negaâ€¦,0
144,35123360,99star_micchye,0,2021-03-28 23:49:16,rt kkmputrajaya wanita hamil kumpulan berisiko komplikasi penyakit dijangkiti covid justeru wanita hamâ€¦,0
145,3178122767,Fazreensya,0,2021-03-28 23:49:10,rt kkmputrajaya wanita hamil kumpulan berisiko komplikasi penyakit dijangkiti covid justeru wanita hamâ€¦,0
146,1348872937,luqmankamal__,0,2021-03-28 23:49:00,rt kkmputrajaya wanita hamil kumpulan berisiko komplikasi penyakit dijangkiti covid justeru wanita hamâ€¦,0
147,1221688089111740416,nazihahhh,0,2021-03-28 23:48:54,rt kkmputrajaya wanita hamil kumpulan berisiko komplikasi penyakit dijangkiti covid justeru wanita hamâ€¦,0
148,1362689671814242306,AnasFakhrul1,0,2021-03-28 23:48:51,strategi percepatan tanam niy mengantisipasi krisis pangan akibat kemaru n pandemi covid,0
149,839685442693799937,relapahang,0,2021-03-28 23:48:42,rt kkmputrajaya wanita hamil kumpulan berisiko komplikasi penyakit dijangkiti covid justeru wanita hamâ€¦,0
150,194523774,_hasrul,0,2021-03-28 23:48:32,rt kkmputrajaya wanita hamil kumpulan berisiko komplikasi penyakit dijangkiti covid justeru wanita hamâ€¦,0
151,1307899846888628230,satlantasjembr1,0,2021-03-28 23:48:00,penyemprotan kantor menghentikan rantai penyebaran covid tcoqbduxgsmz,0
152,543197230,asmaqrazak,0,2021-03-28 23:47:59,rt kkmputrajaya wanita hamil kumpulan berisiko komplikasi penyakit dijangkiti covid justeru wanita hamâ€¦,0
153,531890795,dalgigongju,0,2021-03-28 23:47:58,rt zwolftenaugust guys need help urgent butuh donor darah gol a rhesus + plasma konvalesen penyintas covid udah negaâ€¦,0
154,1032841567,AmalTakaza,0,2021-03-28 23:47:57,rt kkmputrajaya wanita hamil kumpulan berisiko komplikasi penyakit dijangkiti covid justeru wanita hamâ€¦,0
155,912916099683045376,rahah_ghazali,0,2021-03-28 23:47:53,rt kkmputrajaya wanita hamil kumpulan berisiko komplikasi penyakit dijangkiti covid justeru wanita hamâ€¦,0
156,1355847398367477761,ceriachannel_8,0,2021-03-28 23:47:48,rt batikriwa kemenkes vaksin covid manfaat baiknya sinovac virus dimatikan astrazeneca bagianâ€¦,1
157,722627077497696256,Ahmad_KanekiKen,0,2021-03-28 23:47:41,rt kkmputrajaya wanita hamil kumpulan berisiko komplikasi penyakit dijangkiti covid justeru wanita hamâ€¦,0
158,1362673966775640065,ChristyPutri19,0,2021-03-28 23:47:40,strategi percepatan msa tanam iniih mengantisipasi krisis pangan akibat kemaru amp pandemi covid,0
159,21848042,rozali53,0,2021-03-28 23:47:40,rt dghisham kadar kebolehjangkitan covid rort jangkaan mengikut kes seharian hb march negara adalâ€¦,0
160,3168986341,nrshyni,0,2021-03-28 23:47:38,rt kkmputrajaya wanita hamil kumpulan berisiko komplikasi penyakit dijangkiti covid justeru wanita hamâ€¦,0
161,1151319927095037952,Faujijpn_,0,2021-03-28 23:47:38,dishubbwi ipukfdani dwiyanto aliruchiits covid bwi ya kemaren udha dibawah gak adaâ€¦ tcoiqihswzmgy,1
162,51462006,omiikochii,0,2021-03-28 23:47:29,rt kikysaputrii udah denger genosealat deteksi covid hembusan nafas yg ditemukan o peneliti ugm diuji ampâ€¦,0
163,140248738,_Idzham_,0,2021-03-28 23:47:20,rt kkmputrajaya wanita hamil kumpulan berisiko komplikasi penyakit dijangkiti covid justeru wanita hamâ€¦,0
164,1368930032299646982,mumanae1,0,2021-03-28 23:47:14,penyelenggaraan pertandingan dilaksanakan stadion wilayah zona hijau covid pialamenporapatuhiprokes,1
165,1300831935028015105,ultdxsh,0,2021-03-28 23:47:10,ega wahyu zoki pas covid tconhdlmyrq,1
166,949926881804955650,muhammad__adib,0,2021-03-28 23:47:06,rt kkmputrajaya wanita hamil kumpulan berisiko komplikasi penyakit dijangkiti covid justeru wanita hamâ€¦,0
167,813701083365134336,tbgsem,0,2021-03-28 23:46:58,rt dghisham kadar kebolehjangkitan covid rort jangkaan mengikut kes seharian hb march negara adalâ€¦,0
168,776686983263379457,fery_krisnanto,0,2021-03-28 23:46:44,rt fjims kasih kendor prokesnya ğŸ’ªğŸ¾tcolgxopzni,1
169,813701083365134336,tbgsem,0,2021-03-28 23:46:43,rt kkmputrajaya wanita hamil kumpulan berisiko komplikasi penyakit dijangkiti covid justeru wanita hamâ€¦,0
170,227263607,aintaj,0,2021-03-28 23:46:41,rt kkmputrajaya wanita hamil kumpulan berisiko komplikasi penyakit dijangkiti covid justeru wanita hamâ€¦,0
171,60230889,Super_Abez,0,2021-03-28 23:46:40,rt kkmputrajaya wanita hamil kumpulan berisiko komplikasi penyakit dijangkiti covid justeru wanita hamâ€¦,0
172,544065278,Mrdodot,0,2021-03-28 23:46:32,rt kkmputrajaya wanita hamil kumpulan berisiko komplikasi penyakit dijangkiti covid justeru wanita hamâ€¦,0
173,45117606,taufekJr,0,2021-03-28 23:46:30,rt theghrack salam sy dgn rendah hati doakan kesembuhan utk pakcik amp makcik sy yg positive covid kelantan makcik baâ€¦,0
174,982928244,ppastelkims,0,2021-03-28 23:46:29,rt zwolftenaugust guys need help urgent butuh donor darah gol a rhesus + plasma konvalesen penyintas covid udah negaâ€¦,0
175,1253878414760538112,talun01,0,2021-03-28 23:46:22,disiplin protokol kesehatan cegah penyebaran covidbersamakitacegahcovid tcofyhqdvce,1
176,1351716169502187521,MohamadFaridIz2,0,2021-03-28 23:46:04,rt japensarawak jpenerangan rt jpenerangan pemakaian pelitup muka salah mitigasi mencegah risiko jangkitan penulaâ€¦,0
177,388190238,idntimes,0,2021-03-28 23:46:04,semangat kejar mimpimu tcomgwhwjbb,0
178,188395396,RECOVERADIO,0,2021-03-28 23:45:59,rt fitradiobandung yuk cari siapkan proses vaksinasi covid lakukan lancarâ€¦,1
179,1351716169502187521,MohamadFaridIz2,0,2021-03-28 23:45:59,rt japensarawak jpenerangan rt jpenerangan elak s leka covid sentiasa covidkitateguhkitamenangkomuniâ€¦,1
180,531041640,KKMPutrajaya,0,2021-03-28 23:45:57,wanita hamil kumpulan berisiko komplikasi penyakit dijangkiti covid justeru waniâ€¦ tcobfomnfo,0
181,262344247,moemaBHMG,0,2021-03-28 23:45:54,blogdonoblat kalil distribua kit covid pra essa caterva,0
182,1345389160983535621,hxmozx,0,2021-03-28 23:45:02,rt awani sarawak berunding keputusan pembelian vaksin covidicymi awanineâ€¦,0
183,1368926060818001920,AbaLolox,0,2021-03-28 23:44:28,penyelenggaraan pertandingan dilaksanakan stadion wilayah zona hijau covid pialamenporapatuhiprokes,1
184,811897280563290112,KoranBUMN,0,2021-03-28 23:44:21,larangan mudik lebaran kai dukung kebijakan pemerintah penanganan covid pemulihan ekonomi nasionalâ€¦ tcoxqhqzuab,0
185,2383397084,ArfianWan,0,2021-03-28 23:44:11,rt drkoko belasan siswa positif covid ikuti pembelajaran tatap muka pemkot bandung hentikan kegiatan sekolah kluâ€¦,1
186,497665754,501Awani,0,2021-03-28 23:43:54,sarawak berunding keputusan pembelian vaksin covid tcoypzulbcng,0
187,96743912,AidaSue,0,2021-03-28 23:43:23,thank you doa ğŸ’›ğŸ¤²ğŸ» semoga kesihatan amp jaga kena covid covid sucks ğŸ¥²,0
188,1336589452014055426,UsmanKhoma,0,2021-03-28 23:42:55,rt tonaytoni kapolri berharap warga berperan aktif tangkal hoaks covid tcospoazcwqchoak menyebar luas dimedsos tentâ€¦,1
189,117370985,ajiipurnomo,0,2021-03-28 23:42:53,rt zwolftenaugust guys need help urgent butuh donor darah gol a rhesus + plasma konvalesen penyintas covid udah negaâ€¦,0
190,60472240,AngrySipelebegu,0,2021-03-28 23:42:51,rt kompascom total covid kota tangerang mencapai tcojppzehqofs,0
191,1323508348633804800,sekmertoyudann,0,2021-03-28 23:42:35,operasiyustisijangan lupa pakai maskerpolri gencar lakukan operasi masker disaat pandemi covid wargaâ€¦ tcocyzfquuzp,0
192,122598796,DeeBoy5,0,2021-03-28 23:42:22,rt iamrahulkanal shabebarat mubarak ki darkhwast ğŸ™ peace and victory over covid for maharashtra and india ğŸ™ tcoarojyhf,0
193,1041572757157232640,infoUBSI,0,2021-03-28 23:42:18,rt kuliahbsiaja produktif wfhsobat bsipandemi covid selesai sobat bsi kuliah hâ€¦,1
194,88839802,IlmuanAkhirat,0,2021-03-28 23:41:57,rt hmetromy kualalumpur berikutan peningkatan kes jangkitan covid mendadak perintah kawalan pergerakan diperketatkan pkpdâ€¦,0
195,1041539752921489414,Kampus_UBSI,0,2021-03-28 23:41:55,rt kuliahbsiaja produktif wfhsobat bsipandemi covid selesai sobat bsi kuliah hâ€¦,1
196,3557491752,JapenKedah,0,2021-03-28 23:41:46,rt jpenerangan elak s leka covid sentiasa covidkitateguhkitamenangkomunikasikitajabatanpenerangan httâ€¦,1
197,843026657212473344,polsekbulu,0,2021-03-28 23:41:44,operasi yustisi tni polri sasaran warung makan pemukiman penduduk wilayah kecamatan bulu rangkâ€¦ tcocjepaoybh,1
198,3557491752,JapenKedah,0,2021-03-28 23:41:42,rt jpenerangan pemakaian pelitup muka salah mitigasi mencegah risiko jangkitan penularan wabak covid pemakaiaâ€¦,0
199,1215145087627186177,pmrkluang,0,2021-03-28 23:41:28,pelaksanaan proklamasi darurat amp pemasyhuran ordinan darurat menangani covidsumber infografik â€¦ tcodngpckfz,0
200,831537612141703172,Widiatis279,0,2021-03-28 23:41:18,rt pencerah warga dki kayaknya muak gaya kepemimpinan aniesbaswedan alasan anggaran penangan câ€¦,0
201,66642041,amandaiko,0,2021-03-28 23:41:14,seminggu kmrn terima undangan pernikahan u mbatin udah aman ya seprokesnya kl diundang o yg hubnya nggâ€¦ tcolwuapmtntz,1
202,1337186629832691714,AriniJav,0,2021-03-28 23:40:42,situasi terkini covid sabah,0
203,1031851305856204801,kakekpembina,0,2021-03-28 23:40:38,rt dayatia gua gak membayangkan segoblok pemda bandung inikota terbuka icu covid vaksinasi tâ€¦,0
204,1147499477751586818,Hmmurahmurahhm2,0,2021-03-28 23:40:23,menjaga sistem kekebalan anak pandemi covidklik baca tcofmmibbmsm,0
205,1397278940,RustamDP,0,2021-03-28 23:40:22,rt pemudamuslimin pc pemuda muslimin indonesia mempawah pemkab serius putus mata rantai penyebaran covid tcotâ€¦,1
206,1338312060,MyHEALTHKKM,0,2021-03-28 23:40:19,rt dghisham kadar kebolehjangkitan covid rort jangkaan mengikut kes seharian hb march negara adalâ€¦,0
207,1003341977105018881,gatawbodo,0,2021-03-28 23:40:17,rt zwolftenaugust guys need help urgent butuh donor darah gol a rhesus + plasma konvalesen penyintas covid udah negaâ€¦,0
208,1364838167614918658,BangsaGuru,0,2021-03-28 23:40:14,akhirat sumbgsih pandemi setahun melawan covid sumbangsih kamiâ€¦ tcowxabzzp,0
209,155858253,yu2n_umni,0,2021-03-28 23:40:10,penembakan laskar kekerasan jurnalis bom bunuh covid mencapai jtğŸ˜­ğŸ˜­ğŸ˜­ğŸ˜­ indonesia tercinta,0
210,23343960,kompascom,0,2021-03-28 23:40:04,persediaan chip dunia langka akibat pandemi covid diperparah macetnya terusan suez tcogkyhqtyht,0
211,1480852322,mirazh_me,0,2021-03-28 23:40:02,rt fjims kasih kendor prokesnya ğŸ’ªğŸ¾tcolgxopzni,1
212,1356810254772707333,NurulJannahAnu2,0,2021-03-28 23:39:54,rt jpenerangan fasa pemberian vaksin mengikut pelan imunisasi covid kebangsaan dirangka kementeriaâ€¦,0
213,191032800,SuluhSumatera,0,2021-03-28 23:39:52,pemrov sumut gelar doa lintas agama serentak pandemi covid tcoenzdcxlrsy,0
214,2813912149,dannex21,0,2021-03-28 23:39:52,rt panglimaminal kader pdip pinter matematika pelatihan ğŸ˜Šrumusnya paket x â€œ pt memperoleh paâ€¦,0
215,224480829,AmirahAyub,0,2021-03-28 23:39:21,rt dghisham kadar kebolehjangkitan covid rort jangkaan mengikut kes seharian hb march negara adalâ€¦,0
216,2359201104,acidween,0,2021-03-28 23:39:14,rt ibcig nleeshaz fnrin support local beli ni zaman covid artis dah kaya beli movie bayar gaji production yaâ€¦,1
217,1318448539689603072,PPakuniran,0,2021-03-28 23:38:50,polsek pakuniram melaksanakan ooerasi yustisi prokes covid senantiasa menghimbau patuhi protokol kesehâ€¦ tconqwibghcc,1
218,3576338232,ekjozbuluh,0,2021-03-28 23:38:46,rt dghisham kadar kebolehjangkitan covid rort jangkaan mengikut kes seharian hb march negara adalâ€¦,0
219,1224869768764649473,laga_joseph,0,2021-03-28 23:38:42,rt japensarawak vaksin covid | kumpulan baharu ditambah pick fasa keduajapensarawaksodiakrokstcokgqxwi,0
220,144746035,Iipoenk,0,2021-03-28 23:38:25,rt drkoko belasan siswa positif covid ikuti pembelajaran tatap muka pemkot bandung hentikan kegiatan sekolah kluâ€¦,1
221,1224869768764649473,laga_joseph,0,2021-03-28 23:38:20,rt japensarawak vaksin covid | pemberian dipercepat kawasan industrijapensarawaksodiakrokstcoubhqpayise,1
222,23786106,kompasiana,0,2021-03-28 23:38:20,revitalisasi fungsi administrasi pasca pandemi covid tcoebfqdqxyh,0
223,1224869768764649473,laga_joseph,0,2021-03-28 23:38:18,rt japensarawak vaksin covid | reaksi rakyatsodiakrokstcoajqluzbvl,1
224,540625251,PTJASAMARGA,0,2021-03-28 23:38:14,hallo kawan jmpatuhi protokol kesehatan memutus penyebaran covid kawan jm beraktivitas dimanaâ€¦ tcoaptfjhiqd,1
225,978567264,IzureenAnisa,0,2021-03-28 23:38:10,rt theghrack salam sy dgn rendah hati doakan kesembuhan utk pakcik amp makcik sy yg positive covid kelantan makcik baâ€¦,0
226,1224869768764649473,laga_joseph,0,2021-03-28 23:38:09,rt jpenerangan pemakaian pelitup muka salah mitigasi mencegah risiko jangkitan penularan wabak covid pemakaiaâ€¦,0
227,1274995751186137089,Makpin4,0,2021-03-28 23:37:44,rt jokowi program vaksinasi massal covid mencatatkan pencapaian jumat vaksinasi indonesia menembus angka,1
228,1274995751186137089,Makpin4,0,2021-03-28 23:37:38,rt jokowi indonesia juta dosis vaksin covid sinovac astrazeneca waktuwaktuâ€¦,1
229,1149153168338632704,Paschal01146111,0,2021-03-28 23:37:38,japhetostephen shemanga kigogo unajifanya mjuaji kumbe mbulula tu covid imeanza decber halafu hiyo imaanishe nini,0
230,846647181071200256,MegaPuspa26,0,2021-03-28 23:37:29,rt megapuspa bwfmedia yonexallengland gini ya dinyatakan positif covid otomatis orang tidâ€¦,0
231,1224869768764649473,laga_joseph,0,2021-03-28 23:37:26,rt japensarawak vaksin covid | vaksin astrazeneca selamat malaysiasodiakrokstcojbicouvnr,0
232,1151113950890610688,RazaliHamizan,0,2021-03-28 23:37:24,rt jpenerangan elak s leka covid sentiasa covidkitateguhkitamenangkomunikasikitajabatanpenerangan httâ€¦,1
233,1368921771345211395,biru_bang,0,2021-03-28 23:37:15,mencegah penyebaran covid meringankan beban klub pssi format kompetisi berpusat pulauâ€¦ tcoxapupqptt,1
234,1096794059362979840,SabanaInsan,0,2021-03-28 23:37:13,rt mardanialisera sholat jumat masjid oman banda aceh fadlizon mendoakan sidang ib hrs jakarta aman lancâ€¦,1
235,1368921771345211395,biru_bang,0,2021-03-28 23:37:12,rapat menghasilkan surat keputusan bernomor skepiii menunggu situasi pandemi covid tcodwifasmwa,0
236,1224869768764649473,laga_joseph,0,2021-03-28 23:37:12,rt jpenerangan elak s leka covid sentiasa covidkitateguhkitamenangkomunikasikitajabatanpenerangan httâ€¦,1
237,1368921771345211395,biru_bang,0,2021-03-28 23:37:10,kalimat diambil benang merahnya menghidupkan sepakbola indonesia pandemâ€¦ tcoaqwhxdpyd,1
238,1197031031263522816,polsekmusuk,0,2021-03-28 23:37:10,cegah covid budayakan m memakai masker mencuci tangan menjaga jarak menghindari kerumunan amp mengurâ€¦ tcoxhrguqom,1
239,1151113950890610688,RazaliHamizan,0,2021-03-28 23:37:08,rt jpenerangan pemakaian pelitup muka salah mitigasi mencegah risiko jangkitan penularan wabak covid pemakaiaâ€¦,0
240,1224869768764649473,laga_joseph,0,2021-03-28 23:37:06,rt kkmmgov vaksinasi covid hamilibu hamil mengambil vaksin comirnaty covidlindung lindung semuasumberâ€¦,0
241,1366962052309209092,TugangG,0,2021-03-28 23:36:49,rt japenperlis infoonwheels perintah kawalan pergerakan pemulihan pkpp capp pembudayaan norma baharu pengisytiharan proklamasi darâ€¦,0
242,1307827626032029696,lyra_fara,0,2021-03-28 23:36:49,rt jpenerangan elak s leka covid sentiasa covidkitateguhkitamenangkomunikasikitajabatanpenerangan httâ€¦,1
243,1307827626032029696,lyra_fara,0,2021-03-28 23:36:46,rt jpenerangan pemakaian pelitup muka salah mitigasi mencegah risiko jangkitan penularan wabak covid pemakaiaâ€¦,0
244,1307827626032029696,lyra_fara,0,2021-03-28 23:36:26,rt japenwpkl ğŸ”¶ jabatan pengangkutan dbklğŸ”¶ hospital kpj tawakalğŸ”¶ malay townfokus penyampaian maklumat ğŸ“Œ program imunisasi coâ€¦,1
245,1307827626032029696,lyra_fara,0,2021-03-28 23:36:09,rt japenwpkl ğŸ“Œ proklamasi darurat ğŸ“Œ kempen putuskan rantaian covid ğŸ“Œ operasi benteng national task force ntfiowkomunikasikiâ€¦,1
246,1307827626032029696,lyra_fara,0,2021-03-28 23:36:03,rt japenwpkl ğŸ”¶ jalan dwi tasik ğŸ”¶ jalan dwi tasik fokus penyampaian maklumat ğŸ“Œ program imunisasi covid kebangsaan ğŸ“Œ pelanjutanâ€¦,1
247,1307827626032029696,lyra_fara,0,2021-03-28 23:35:57,rt kkmmgov vaksinasi covid hamilibu hamil mengambil vaksin comirnaty covidlindung lindung semuasumberâ€¦,0
248,1307827626032029696,lyra_fara,0,2021-03-28 23:35:51,rt japenwpkl ğŸ”¶ jalan kuchai jaya ğŸ”¶ jalan rukun fokus penyampaian maklumat ğŸ“Œ program imunisasi covid kebangsaan ğŸ“Œ pelanjutan tâ€¦,1
249,1161082742286643200,res_lantas,0,2021-03-28 23:35:45,selamat pagi semeton jl imam bonjol situasi arus lintas terpantau lancar terkendali himbau sâ€¦ tcobwhicalo,1
250,983645455048306688,PKemangkon,0,2021-03-28 23:35:40,biasakan pakai maskermari cegah penyebaran covid tcodbsadfhi,0
251,1307827626032029696,lyra_fara,0,2021-03-28 23:35:39,rt japenwpkl ğŸ“Œ kempen putuskan rantaian covid ğŸ“Œ lagu ayuh hadapan lagu tema kempen pembudayaan norma baharuğŸ“Œ operasi bentengâ€¦,0
252,1184000866535145473,Jasson53544364,0,2021-03-28 23:35:30,rt pencerah warga dki kayaknya muak gaya kepemimpinan aniesbaswedan alasan anggaran penangan câ€¦,0
253,1307827626032029696,lyra_fara,0,2021-03-28 23:35:30,rt japenwpkl ğŸ”¶ jalan rampai niaga ğŸ”¶ jalan usahawanğŸ”¶ sri utama international schoolğŸ”¶ giant setapak fokus penyampaian maklumat ğŸ“Œ prâ€¦,1
254,1241398629069254656,AlvianKahfi,0,2021-03-28 23:35:28,rt reslantas simpang batalyon terpantau arus lalin pagi terpantau lancar himbau berhatihati patuhiâ€¦,1
255,1307827626032029696,lyra_fara,0,2021-03-28 23:35:24,rt japenwpkl ğŸ“Œ proklamasi darurat ğŸ“Œ kempen putuskan rantaian covid ğŸ“Œ operasi benteng national task force ntfiowkomunikasikitâ€¦,1
256,1307827626032029696,lyra_fara,0,2021-03-28 23:35:19,rt japenwpkl covidmalaysia ğŸ“ˆtaburan kes covid mengikut pejabat kesihatan daerah zon wilayah persekutuan kuala lumpur padaâ€¦,0
257,1026292522799128576,Korem102Panju,0,2021-03-28 23:35:17,koramil lampeong tegakan protkes covidtcowdiiejwdlh tcowljrobkdy,0
258,1307827626032029696,lyra_fara,0,2021-03-28 23:35:17,rt japenwpkl covidmalaysia pergerakan taburan kes covid mengikut parlimen kuala lumpur amp putrajaya mac,0
259,1005499162039758848,nichauaena,0,2021-03-28 23:35:15,rt theghrack salam sy dgn rendah hati doakan kesembuhan utk pakcik amp makcik sy yg positive covid kelantan makcik baâ€¦,0
260,962649351053963267,mbakcannn,0,2021-03-28 23:35:13,collegemenfess kemarin ambil covid ceritanya saranÂ² yg masuk intinya mending ambilâ€¦ tconxmwrnckc,0
261,851409611882086400,seemanjo,0,2021-03-28 23:35:03,rt pencerah warga dki kayaknya muak gaya kepemimpinan aniesbaswedan alasan anggaran penangan câ€¦,0
262,1307827626032029696,lyra_fara,0,2021-03-28 23:35:01,rt japenwpkl ğŸ”¶ kampung doraisamy ğŸ”¶ jalan raja alang ğŸ”¶ jalan raja abdullahğŸ”¶ jalan kamuntingfokus penyampaian maklumat ğŸ“Œ program imuâ€¦,1
263,1307827626032029696,lyra_fara,0,2021-03-28 23:34:59,rt japenwpkl ğŸ“Œ proklamasi darurat ğŸ“Œ kempen putuskan rantaian covid ğŸ“Œ lagu ayuh hadapan lagu tema kempen pembudayaan norma bahaâ€¦,0
264,1186545753243521025,GrogolPolsek,0,2021-03-28 23:34:54,personil gabungan polsek grogol tni koramil grogol dipimpin ka spk aiptu triono melaksanakan operasi yustisi protâ€¦ tcokyffttddy,0
265,1307827626032029696,lyra_fara,0,2021-03-28 23:34:48,rt japenwpkl fokus penyampaian maklumat ğŸ“Œ program imunisasi covid kebangsaan ğŸ“Œ pelanjutan tempoh pelaksanaan perintah kawalan pergâ€¦,0
266,88617794,tonytrax,0,2021-03-28 23:34:47,taziah acara takjiah yg rumah meriang dicek positif covid selanjutnâ€¦ tcooadzvyuc,1
267,88617794,tonytrax,0,2021-03-28 23:34:47,yg dikarantina asrama haji kampung blekik lockdown penjagaan ketat aparat kâ€¦ tcopspggxwna,0
268,1203860507557412870,BinjaiUtara,0,2021-03-28 23:34:46,pademi belom mari lawan penyebaran virus covid mematuhi protokol kesehatanâ€¦ tcolfyksjqml,1
269,88617794,tonytrax,0,2021-03-28 23:34:46,berita maret dusun blekikngagliksleman positif covid dijemput ambulancemhn perhatian syâ€¦ tcozunvwgnuv,1
270,1203860507557412870,BinjaiUtara,0,2021-03-28 23:34:46,pademi belom mari lawan penyebaran virus covid mematuhi protokol kesehatanâ€¦ tcovttymsmzq,1
271,1307827626032029696,lyra_fara,0,2021-03-28 23:34:40,rt japenwpkl ğŸ”¶ kampung changkat ğŸ”¶ kampung bandar dalamfokus penyampaian maklumat ğŸ“Œ program imunisasi covid kebangsaan ğŸ“Œ pelanjuâ€¦,1
272,1307827626032029696,lyra_fara,0,2021-03-28 23:34:36,rt japenwpkl ğŸ“Œ kempen putuskan rantaian covid ğŸ“Œ operasi benteng national task force ntfiowkomunikasikitapkpb daruratdaâ€¦,1
273,1203860507557412870,BinjaiUtara,0,2021-03-28 23:34:34,pademi belom mari lawan penyebaran virus covid mematuhi protokol kesehatanâ€¦ tcowhhrekl,1
274,895553436514635776,iamjunghyunrim_,0,2021-03-28 23:34:32,covid reda ledakan bom makassar kelar ditambah indramayu pertamina kebakaran ya alloh pengen nangis liatnyağŸ˜­,0
275,1203860507557412870,BinjaiUtara,0,2021-03-28 23:34:25,pademi belom mari lawan penyebaran virus covid mematuhi protokol kesehatanâ€¦ tcoddzpxmrmp,1
276,4211930532,wawaggmu,0,2021-03-28 23:34:19,rt dghisham kadar kebolehjangkitan covid rort jangkaan mengikut kes seharian hb march negara adalâ€¦,0
277,1307827626032029696,lyra_fara,0,2021-03-28 23:34:06,rt japenwpkl program jelajah malaysia prihatin mengajak penduduk bandar tun razak daftar suntikan vaksin covidsumber beritâ€¦,0
278,898804021879644160,awsilence,0,2021-03-28 23:34:02,rt zwolftenaugust guys need help urgent butuh donor darah gol a rhesus + plasma konvalesen penyintas covid udah negaâ€¦,0
279,1307827626032029696,lyra_fara,0,2021-03-28 23:34:00,rt japenwpkl rakyat malaysia positif negara timbalan menteri negeri yb dato kamarudin jaffarliputan bernamatv padaâ€¦,0
280,1307827626032029696,lyra_fara,0,2021-03-28 23:33:54,rt japenwpkl rakyat malaysia positif negara timbalan menteri negeri yb dato kamarudin jaffarliputan berita rtm padaâ€¦,0
281,1303857367176495105,ghastpiracy,0,2021-03-28 23:33:53,rt mbahndi kpai menemukan datadata lapangan menunjukan angka putus sekolah menimpa anakanak beâ€¦,0
282,1045146096836567040,KampusUbsi,0,2021-03-28 23:33:44,rt kuliahbsiaja produktif wfhsobat bsipandemi covid selesai sobat bsi kuliah hâ€¦,1
283,1161082742286643200,res_lantas,0,2021-03-28 23:33:40,simpang batalyon terpantau arus lalin pagi terpantau lancar himbau berhatihatâ€¦ tcohqrojkjhik,0
284,1307827626032029696,lyra_fara,0,2021-03-28 23:33:39,rt japenwpkl vaksin covid amp sarapan pagi petugas barisan hadapan taman tenaga cheras semalam mac program aâ€¦,0
285,23343960,kompascom,0,2021-03-28 23:33:37,menteri kesehatan budi gunadi sadikin vaksin habis april tcojdyewyrv,1
286,1307827626032029696,lyra_fara,0,2021-03-28 23:33:37,rt japenwpkl orang ramai pendaftaran vaksinasi covid kaunter bergerak pejabat kesihatan daerah cheras pameran japâ€¦,0
287,1307827626032029696,lyra_fara,0,2021-03-28 23:33:33,rt japenwpkl hebahan mengajak orang ramai daftar vaksinasi covidpada seramai penunggang motosikal siâ€¦,0
288,2874675576,syamiraimann,0,2021-03-28 23:33:19,rt thejakpar kampung orang asli lubuk perah tegangdalam situasi pandemik covid melanda negara pemaju amp berkuasâ€¦,0
289,1307827626032029696,lyra_fara,0,2021-03-28 23:33:17,rt japenwpkl ğŸ”¶ residensi sungai mulia ğŸ”¶ kompleks idamanğŸ”¶ residensi gombak fokus penyampaian maklumat ğŸ“Œ program imunisasi covid,1
290,1307827626032029696,lyra_fara,0,2021-03-28 23:33:14,rt japenwpkl ğŸ“Œ kempen putuskan rantaian covid ğŸ“Œ operasi benteng national task force ntfiowkomunikasikitapkpb daruratdaâ€¦,1
291,1009382346867392513,Branta_Sena77,0,2021-03-28 23:33:13,rt kompascom provinsi penambahan tertinggi dki jakarta jawa barat jawa timur kalimantan selatan kalimaâ€¦,1
292,2911181917,rctvcirebon,0,2021-03-28 23:33:11,angka penambahan positif covid bertambah tcorribgzngse,1
293,1307827626032029696,lyra_fara,0,2021-03-28 23:33:01,rt japenwpkl ğŸ”¶ jalan selesa ğŸ”¶ jalan riang ğŸ”¶ jalan riang ğŸ”¶ jalan riang ğŸ”¶ jalan riang fokus penyampaian maklumat ğŸ“Œ program iâ€¦,1
294,587105005,JPZullOthman,0,2021-03-28 23:33:00,rt jpenerangan elak s leka covid sentiasa covidkitateguhkitamenangkomunikasikitajabatanpenerangan httâ€¦,1
295,1307827626032029696,lyra_fara,0,2021-03-28 23:32:58,rt japenwpkl ğŸ“Œ proklamasi darurat ğŸ“Œ kempen putuskan rantaian covid ğŸ“Œ operasi benteng national task force ntfiowkomunikasikiâ€¦,1
296,587105005,JPZullOthman,0,2021-03-28 23:32:57,rt jpenerangan pemakaian pelitup muka salah mitigasi mencegah risiko jangkitan penularan wabak covid pemakaiaâ€¦,0
297,1307827626032029696,lyra_fara,0,2021-03-28 23:32:50,rt japenwpkl ğŸ”¶ istana budayağŸ”¶ balai seni negara ğŸ”¶ pusat darah negarafokus penyampaian maklumat ğŸ“Œ program imunisasi covid kebangsâ€¦,0
298,1307827626032029696,lyra_fara,0,2021-03-28 23:32:43,rt japenwpkl ğŸ“Œ kempen putuskan rantaian covid ğŸ“Œ operasi benteng national task force ntfiowkomunikasikitapkpb daruratdaâ€¦,1
299,587105005,JPZullOthman,0,2021-03-28 23:32:39,rt japenterengganu jom vaksin ikuti kaedah mudah mendaftar vaksinasi covidsumber jabatan kesihatan negeri teâ€¦,0
300,1307827626032029696,lyra_fara,0,2021-03-28 23:32:22,rt japenwpkl ğŸ”¶ jalan pe ğŸ”¶ jalan peğŸ”¶ jalan peğŸ”¶ jalan peğŸ”¶ jalan seluang pfokus penyampaian maklumat ğŸ“Œ program imuniâ€¦,1
301,1307827626032029696,lyra_fara,0,2021-03-28 23:32:17,rt japenwpkl ğŸ“Œ kempen putuskan rantaian covid ğŸ“Œ operasi benteng national task force ntf edaran â–¶ï¸ pelitup mukaâ–¶ï¸ cecairâ€¦,0
302,85233034,Taty_harlini,0,2021-03-28 23:32:17,dilarang mudik sihh aturan prokesnya emang belom maksimal perasaan covid udah menurun pâ€¦ tcojralojgn,0
303,3195774648,syasyaazulaikha,0,2021-03-28 23:32:10,rt dghisham kadar kebolehjangkitan covid rort jangkaan mengikut kes seharian hb march negara adalâ€¦,0
304,1307827626032029696,lyra_fara,0,2021-03-28 23:32:09,rt japenwpkl ğŸ”¶ lorong keramat kiriğŸ”¶ lorong keramat ğŸ”¶ jalan dato keramat ğŸ”¶ kuarters kakitangan jabatan ukur pemetaan wpklfokuâ€¦,0
305,1157832943072493568,PolsekUH,0,2021-03-28 23:32:06,adaptasi kebiasaan taati protokol kesehatan mencegah penularan covid memakai maskerâ€¦ tcogtfrudvzt,1
306,1361851664550957058,AjimanKaro,0,2021-03-28 23:32:06,rt japenbbaharu mac pagiiow pkpp proklamasi darurat amp vaksin covidpmr bandar baharu kedahlokasi mukim baganâ€¦,0
307,1307827626032029696,lyra_fara,0,2021-03-28 23:32:04,rt japenwpkl ğŸ“Œ pelanjutan tempoh pelaksanaan perintah kawalan pergerakan bersyarat pkpb wilayah persekutuan kuala lumpur ğŸ“Œ proklamaâ€¦,0
308,1307827626032029696,lyra_fara,0,2021-03-28 23:31:56,rt japenwpkl covid bercuti sentiasa patuhi sop amalkan kawalan kendirijangan punca penularan wabak coviâ€¦,0
309,1307827626032029696,lyra_fara,0,2021-03-28 23:31:21,rt japenwpkl fokus penyampaian maklumat ğŸ“Œ program imunisasi covid kebangsaan ğŸ“Œ pelanjutan tempoh pelaksanaan perintah kawalan pergâ€¦,0
310,75994307,mangiii,0,2021-03-28 23:31:18,rt kikysaputrii udah denger genosealat deteksi covid hembusan nafas yg ditemukan o peneliti ugm diuji ampâ€¦,0
311,996087130081382400,bonobtha,0,2021-03-28 23:30:57,rt iamrahulkanal shabebarat mubarak ki darkhwast ğŸ™ peace and victory over covid for maharashtra and india ğŸ™ tcoarojyhf,0
312,1307827626032029696,lyra_fara,0,2021-03-28 23:30:52,rt japenwpkl infoonwheels rangkuman info on wheels iow program imunisasi covid kebangsaan mac tcâ€¦,0
313,1307827626032029696,lyra_fara,0,2021-03-28 23:30:48,rt kkmputrajaya sila pakai pelitup muka sesak tiada penjarakan fizikal melindungi orang dâ€¦,0
314,604328643,ain_yusra,0,2021-03-28 23:30:41,rt dghisham kadar kebolehjangkitan covid rort jangkaan mengikut kes seharian hb march negara adalâ€¦,0
315,1307827626032029696,lyra_fara,0,2021-03-28 23:30:33,rt jpenerangan fasa pemberian vaksin mengikut pelan imunisasi covid kebangsaan dirangka kementeriaâ€¦,0
316,1069166430250196992,BeritakiniB,0,2021-03-28 23:30:30,birx kematian covid as dikurangkan tindakan tcobkshzuqewâ€¦ tcodnmdlgt,0
317,1307827626032029696,lyra_fara,0,2021-03-28 23:30:26,rt jpenerangan tajuk covid | positifanda positif covid rumahjom tengok ahli rumah anâ€¦,1
318,1307827626032029696,lyra_fara,0,2021-03-28 23:30:20,rt japenwpkl â˜ï¸ğ—›ğ—¢ğ—§ğ—Ÿğ—œğ—¡ğ—˜ ğ—©ğ—”ğ—ğ—¦ğ—œğ—¡ ğ—–ğ—¢ğ—©ğ—œğ——ğŸ­ğŸµ warga kuala lumpur putrajaya hubungi ğŸ“ talian hotline sebarang berâ€¦,0
319,2539137289,aunty_Lalaaaaa,0,2021-03-28 23:30:15,rt dghisham kadar kebolehjangkitan covid rort jangkaan mengikut kes seharian hb march negara adalâ€¦,0
320,1307827626032029696,lyra_fara,0,2021-03-28 23:30:12,rt japenwpkl pesakit menjalani dialisis berisiko penyakit berjangkit covidpesakit menjalani dialisis bolâ€¦,0
321,1364838167614918658,BangsaGuru,0,2021-03-28 23:30:07,republikaonline guru guru dki jakarta divaksin covid mall ciputra mega kuningan jakarta selatanâ€¦ tcoqnhrpxzb,0
322,239369120,faiqsapii,0,2021-03-28 23:30:03,rt theghrack salam sy dgn rendah hati doakan kesembuhan utk pakcik amp makcik sy yg positive covid kelantan makcik baâ€¦,0
323,950874046790381568,HKaligondang,0,2021-03-28 23:30:00,rt humasrespbg biasakan pakai maskermari cegah penyebaran covid tcowdieucb,0
324,1366098872552972289,amaramarie05,0,2021-03-28 23:30:00,teluk ka covid tcoghnqfjky,0
325,74034985,iradiobdg,0,2021-03-28 23:30:00,awali beritabaikhariini kerjasama beritabaikid pagi tim pagipagi beâ€¦ tcoyzgrd,1
326,1014869947,_abdullahazam,0,2021-03-28 23:29:45,rt awani vaksin covid wajib sesiapa sahaja mahu menunaikan ibadah haji salah syarat utâ€¦,1
327,1363743054176264192,Mjrto6,0,2021-03-28 23:29:41,kegiatan operasi yustisi gabungan polsek mojoroto instansi terkait dilaksanakan siang malâ€¦ tcoufezgsyk,1
328,997010279916421120,Senyap17,0,2021-03-28 23:29:31,turnamen pramusim piala menpora penerapan protokol kesehatan pencegahan covid menjadiâ€¦ tcomndvulnig,1
329,1360395242025852929,Djadoel17191877,0,2021-03-28 23:29:30,kegiatan operasi yustisi gabungan polsek mojoroto instansi terkait dilaksanakan siang malâ€¦ tcoafkqbhaj,1
330,1237200373963603974,NKRI771,0,2021-03-28 23:29:19,kegiatan operasi yustisi gabungan polsek mojoroto instansi terkait dilaksanakan siang malâ€¦ tcoegwaokmp,1
331,516165629,KAI121,0,2021-03-28 23:29:14,erirendy selamat pagi sesuai kemenhub no satuan tugas satgas penanganan covid noâ€¦ tconnuper,1
332,1285405632623861760,Mojoroto6,0,2021-03-28 23:29:09,kegiatan operasi yustisi gabungan polsek mojoroto instansi terkait dilaksanakan siang malâ€¦ tcoswjpqllu,1
333,1021898808,tun_jubei,0,2021-03-28 23:29:04,rt dghisham kadar kebolehjangkitan covid rort jangkaan mengikut kes seharian hb march negara adalâ€¦,0
334,1721610859,ParamesPolaris,0,2021-03-28 23:29:01,rt jpenerangan elak s leka covid sentiasa covidkitateguhkitamenangkomunikasikitajabatanpenerangan httâ€¦,1
335,1157832943072493568,PolsekUH,0,2021-03-28 23:28:59,adaptasi kebiasaan taati protokol kesehatan mencegah penularan covid tcoyutbegkce,1
336,1721610859,ParamesPolaris,0,2021-03-28 23:28:59,rt jpenerangan pemakaian pelitup muka salah mitigasi mencegah risiko jangkitan penularan wabak covid pemakaiaâ€¦,0
337,1721610859,ParamesPolaris,0,2021-03-28 23:28:49,rt japenwpkl ğŸ”¶ jabatan pengangkutan dbklğŸ”¶ hospital kpj tawakalğŸ”¶ malay townfokus penyampaian maklumat ğŸ“Œ program imunisasi coâ€¦,1
338,1721610859,ParamesPolaris,0,2021-03-28 23:28:45,rt japenwpkl ğŸ“Œ proklamasi darurat ğŸ“Œ kempen putuskan rantaian covid ğŸ“Œ operasi benteng national task force ntfiowkomunikasikiâ€¦,1
339,1285405632623861760,Mojoroto6,0,2021-03-28 23:28:42,kegiatan operasi yustisi gabungan polsek mojoroto instansi terkait dilaksanakan siang malâ€¦ tcohkjhyshh,1
340,1721610859,ParamesPolaris,0,2021-03-28 23:28:38,rt japenwpkl ğŸ”¶ jalan dwi tasik ğŸ”¶ jalan dwi tasik fokus penyampaian maklumat ğŸ“Œ program imunisasi covid kebangsaan ğŸ“Œ pelanjutanâ€¦,1
341,1721610859,ParamesPolaris,0,2021-03-28 23:28:32,rt kkmmgov vaksinasi covid hamilibu hamil mengambil vaksin comirnaty covidlindung lindung semuasumberâ€¦,0
342,147385241,FerryNLangelo,0,2021-03-28 23:28:27,rt kakekhalal terhormat divhumaspolri umat kristiani badah virtual anjuran pemerintah bpk presiden jokowi terkaâ€¦,1
343,1366854655,yazid_nazri,0,2021-03-28 23:28:23,rt dghisham kadar kebolehjangkitan covid rort jangkaan mengikut kes seharian hb march negara adalâ€¦,0
344,1230990692328992769,IDRIS95026563,0,2021-03-28 23:28:22,rt japensarawak statistik terkini covid mac sumber jawatankuasa pengurusan bencana negeri sarawakcovidlindungdirilindâ€¦,0
345,1279841143362957312,ichaasrm,0,2021-03-28 23:28:16,cinta covid terjangkit kepikiran,1
346,1721610859,ParamesPolaris,0,2021-03-28 23:28:07,rt japenwpkl ğŸ”¶ jalan kuchai jaya ğŸ”¶ jalan rukun fokus penyampaian maklumat ğŸ“Œ program imunisasi covid kebangsaan ğŸ“Œ pelanjutan tâ€¦,1
347,1721610859,ParamesPolaris,0,2021-03-28 23:28:03,rt japenwpkl ğŸ“Œ kempen putuskan rantaian covid ğŸ“Œ lagu ayuh hadapan lagu tema kempen pembudayaan norma baharuğŸ“Œ operasi bentengâ€¦,0
348,990688331368452099,largian29,0,2021-03-28 23:28:00,uu cipta kerja membantu mengurangi dampak negatif covid utamanya sektor lapangan kerjaâ€¦ tcokrlllxbpti,1
349,1721610859,ParamesPolaris,0,2021-03-28 23:27:53,rt japenwpkl ğŸ”¶ jalan rampai niaga ğŸ”¶ jalan usahawanğŸ”¶ sri utama international schoolğŸ”¶ giant setapak fokus penyampaian maklumat ğŸ“Œ prâ€¦,1
350,1721610859,ParamesPolaris,0,2021-03-28 23:27:49,rt japenwpkl ğŸ“Œ proklamasi darurat ğŸ“Œ kempen putuskan rantaian covid ğŸ“Œ operasi benteng national task force ntfiowkomunikasikitâ€¦,1
351,1721610859,ParamesPolaris,0,2021-03-28 23:27:45,rt japenwpkl covidmalaysia ğŸ“ˆtaburan kes covid mengikut pejabat kesihatan daerah zon wilayah persekutuan kuala lumpur padaâ€¦,0
352,2678936239,kfirdaus97,0,2021-03-28 23:27:44,rt theghrack salam sy dgn rendah hati doakan kesembuhan utk pakcik amp makcik sy yg positive covid kelantan makcik baâ€¦,0
353,1721610859,ParamesPolaris,0,2021-03-28 23:27:43,rt japenwpkl covidmalaysia pergerakan taburan kes covid mengikut parlimen kuala lumpur amp putrajaya mac,0
354,1157832943072493568,PolsekUH,0,2021-03-28 23:27:41,adaptasi kebiasaan taati protokol kesehatan mencegah penularan covid tcowysmlyqnu,1
355,272728893,YB_Akob,0,2021-03-28 23:27:32,rt dghisham kadar kebolehjangkitan covid rort jangkaan mengikut kes seharian hb march negara adalâ€¦,0
356,1721610859,ParamesPolaris,0,2021-03-28 23:27:31,rt japenwpkl ğŸ”¶ kampung doraisamy ğŸ”¶ jalan raja alang ğŸ”¶ jalan raja abdullahğŸ”¶ jalan kamuntingfokus penyampaian maklumat ğŸ“Œ program imuâ€¦,1
357,1318730957675900928,Jeongyeon_nime,0,2021-03-28 23:27:30,karirfess logika aja mngkin km disuruh pindah kota yg lokernya macem surabaya bandung jakarâ€¦ tcofeigpwto,1
358,1721610859,ParamesPolaris,0,2021-03-28 23:27:29,rt japenwpkl ğŸ“Œ proklamasi darurat ğŸ“Œ kempen putuskan rantaian covid ğŸ“Œ lagu ayuh hadapan lagu tema kempen pembudayaan norma bahaâ€¦,0
359,1330047738541694978,Chair34146452,0,2021-03-28 23:27:27,vivacoid gejala covid salah satunya hilang rasahilang penciuman disusupi virus duniaazab wabahâ€¦ tcowunkrcnpx,0
360,1721610859,ParamesPolaris,0,2021-03-28 23:27:19,rt japenwpkl fokus penyampaian maklumat ğŸ“Œ program imunisasi covid kebangsaan ğŸ“Œ pelanjutan tempoh pelaksanaan perintah kawalan pergâ€¦,0
361,1157832943072493568,PolsekUH,0,2021-03-28 23:27:10,adaptasi kebiasaan taati protokol kesehatan mencegah penularan covid tcohymgjgwif,1
362,1721610859,ParamesPolaris,0,2021-03-28 23:27:09,rt japenwpkl ğŸ”¶ kampung changkat ğŸ”¶ kampung bandar dalamfokus penyampaian maklumat ğŸ“Œ program imunisasi covid kebangsaan ğŸ“Œ pelanjuâ€¦,1
363,467103913,ginaa_lestari,0,2021-03-28 23:27:08,rt drkoko bersyukur dikabari temanteman kpcpen satgas covid media massa total juta dosâ€¦,1
364,1001507448904040448,Melakahariini,0,2021-03-28 23:27:02,melaka angka kes covid tcohyghqhii,0
365,1721610859,ParamesPolaris,0,2021-03-28 23:27:00,rt japenwpkl ğŸ“Œ kempen putuskan rantaian covid ğŸ“Œ operasi benteng national task force ntfiowkomunikasikitapkpb daruratdaâ€¦,1
366,962091005372764160,i0o3rfg9t,0,2021-03-28 23:26:59,covid pandemi sektor lapangan kerja salah terdampak pekerâ€¦ tcofkrsbij,0
367,1594698859,pidutDin,0,2021-03-28 23:26:56,rt awani situasi berlaku sehari kota metropolitan filipina mengenakan perintah berkurung susulan lonjakan kes covidâ€¦,0
368,1721610859,ParamesPolaris,0,2021-03-28 23:26:48,rt japenwpkl program jelajah malaysia prihatin mengajak penduduk bandar tun razak daftar suntikan vaksin covidsumber beritâ€¦,0
369,731386482624057344,atiqah_azmira,0,2021-03-28 23:26:47,rt theghrack salam sy dgn rendah hati doakan kesembuhan utk pakcik amp makcik sy yg positive covid kelantan makcik baâ€¦,0
370,1721610859,ParamesPolaris,0,2021-03-28 23:26:41,rt japenwpkl rakyat malaysia positif negara timbalan menteri negeri yb dato kamarudin jaffarliputan bernamatv padaâ€¦,0
371,1721610859,ParamesPolaris,0,2021-03-28 23:26:38,rt japenwpkl rakyat malaysia positif negara timbalan menteri negeri yb dato kamarudin jaffarliputan berita rtm padaâ€¦,0
372,401915556,RosmAzyYati,0,2021-03-28 23:26:36,rt dghisham kadar kebolehjangkitan covid rort jangkaan mengikut kes seharian hb march negara adalâ€¦,0
373,1721610859,ParamesPolaris,0,2021-03-28 23:26:17,rt japenwpkl vaksin covid amp sarapan pagi petugas barisan hadapan taman tenaga cheras semalam mac program aâ€¦,0
374,79121133,zaynalfahmi,0,2021-03-28 23:26:17,rt pemkabkudus data terbaru sebaran covid kabkudus maret wib info grafis sajikan berasal wâ€¦,0
375,1721610859,ParamesPolaris,0,2021-03-28 23:26:15,rt japenwpkl orang ramai pendaftaran vaksinasi covid kaunter bergerak pejabat kesihatan daerah cheras pameran japâ€¦,0
376,944479400745091073,mikohayami,0,2021-03-28 23:26:15,hilalasyraf ds najib mcm tu still rakyat duit negara klinik m amp time belajar sâ€¦ tcojpaaasdb,1
377,1721610859,ParamesPolaris,0,2021-03-28 23:26:13,rt japenwpkl hebahan mengajak orang ramai daftar vaksinasi covidpada seramai penunggang motosikal siâ€¦,0
378,722627077497696256,Ahmad_KanekiKen,0,2021-03-28 23:25:55,rt dghisham kadar kebolehjangkitan covid rort jangkaan mengikut kes seharian hb march negara adalâ€¦,0
379,1721610859,ParamesPolaris,0,2021-03-28 23:25:54,rt japenwpkl ğŸ”¶ residensi sungai mulia ğŸ”¶ kompleks idamanğŸ”¶ residensi gombak fokus penyampaian maklumat ğŸ“Œ program imunisasi covid,1
380,1365142501732929537,ChitraJihan,0,2021-03-28 23:25:50,vaksinasi covid warga jatim,0
381,1721610859,ParamesPolaris,0,2021-03-28 23:25:50,rt japenwpkl ğŸ“Œ kempen putuskan rantaian covid ğŸ“Œ operasi benteng national task force ntfiowkomunikasikitapkpb daruratdaâ€¦,1
382,2250000308,McNoc_Jeli,0,2021-03-28 23:25:46,rt jpenerangan pemakaian pelitup muka salah mitigasi mencegah risiko jangkitan penularan wabak covid pemakaiaâ€¦,0
383,2250000308,McNoc_Jeli,0,2021-03-28 23:25:44,rt jpenerangan elak s leka covid sentiasa covidkitateguhkitamenangkomunikasikitajabatanpenerangan httâ€¦,1
384,1721610859,ParamesPolaris,0,2021-03-28 23:25:42,rt japenwpkl ğŸ”¶ jalan selesa ğŸ”¶ jalan riang ğŸ”¶ jalan riang ğŸ”¶ jalan riang ğŸ”¶ jalan riang fokus penyampaian maklumat ğŸ“Œ program iâ€¦,1
385,1721610859,ParamesPolaris,0,2021-03-28 23:25:39,rt japenwpkl ğŸ“Œ proklamasi darurat ğŸ“Œ kempen putuskan rantaian covid ğŸ“Œ operasi benteng national task force ntfiowkomunikasikiâ€¦,1
386,2678936239,kfirdaus97,0,2021-03-28 23:25:36,rt awani negara lingkungan kes positif maghribi jepun emiriah arab bersatu arab saudi malâ€¦,0
387,1721610859,ParamesPolaris,0,2021-03-28 23:25:29,rt japenwpkl ğŸ”¶ istana budayağŸ”¶ balai seni negara ğŸ”¶ pusat darah negarafokus penyampaian maklumat ğŸ“Œ program imunisasi covid kebangsâ€¦,0
388,1721610859,ParamesPolaris,0,2021-03-28 23:25:25,rt japenwpkl ğŸ“Œ kempen putuskan rantaian covid ğŸ“Œ operasi benteng national task force ntfiowkomunikasikitapkpb daruratdaâ€¦,1
389,1356891457613783043,koramil16bgl,0,2021-03-28 23:25:17,babinsa desa bapangsari sertu purwanto melaksanakan komsos sosialisasikan program vaksinasi covid mitraâ€¦ tcotxwaylabdv,0
390,405494526,fjims,0,2021-03-28 23:25:17,kasih kendor prokesnya ğŸ’ªğŸ¾tcolgxopzni,1
391,1267990205551669248,Polsek_IT_2,0,2021-03-28 23:25:16,personel unitlantas aiptu dedi zulkarnain sh melaksanakan kegiatan pemakaian masker warga mencegah pâ€¦ tcomsfleuwr,0
392,1120916071236526080,enamcent,0,2021-03-28 23:25:15,rt jpenerangan pemakaian pelitup muka salah mitigasi mencegah risiko jangkitan penularan wabak covid pemakaiaâ€¦,0
393,1198401887835324416,Supriya72540457,0,2021-03-28 23:25:11,rt muhammadiyah edaran pp muhammadiyah tuntunan ibadah ramadan h kondisi darurat covid tcojipyynvofmuhâ€¦,1
394,1721610859,ParamesPolaris,0,2021-03-28 23:25:07,rt japenwpkl ğŸ”¶ jalan pe ğŸ”¶ jalan peğŸ”¶ jalan peğŸ”¶ jalan peğŸ”¶ jalan seluang pfokus penyampaian maklumat ğŸ“Œ program imuniâ€¦,1
395,1721610859,ParamesPolaris,0,2021-03-28 23:25:02,rt japenwpkl ğŸ“Œ kempen putuskan rantaian covid ğŸ“Œ operasi benteng national task force ntf edaran â–¶ï¸ pelitup mukaâ–¶ï¸ cecairâ€¦,0
396,1267990205551669248,Polsek_IT_2,0,2021-03-28 23:24:59,bhabinkamtibmas kelurahan ilir aipda yurdani sh melaksanakan kegiatan pemakaian masker warga menceâ€¦ tcopekvenlfux,0
397,2250000308,McNoc_Jeli,0,2021-03-28 23:24:56,rt kkmmgov vaksinasi covid hamilibu hamil mengambil vaksin comirnaty covidlindung lindung semuasumberâ€¦,0
398,1365141163234103302,DeyuriW,0,2021-03-28 23:24:53,pemprov pwi jatim memaksimalkan vaksinasi covid,0
399,1721610859,ParamesPolaris,0,2021-03-28 23:24:53,rt japenwpkl ğŸ”¶ lorong keramat kiriğŸ”¶ lorong keramat ğŸ”¶ jalan dato keramat ğŸ”¶ kuarters kakitangan jabatan ukur pemetaan wpklfokuâ€¦,0
400,1721610859,ParamesPolaris,0,2021-03-28 23:24:51,rt japenwpkl ğŸ“Œ pelanjutan tempoh pelaksanaan perintah kawalan pergerakan bersyarat pkpb wilayah persekutuan kuala lumpur ğŸ“Œ proklamaâ€¦,0
401,1177984192593809408,mimams_,0,2021-03-28 23:24:46,rt jokowi indonesia juta dosis vaksin covid sinovac astrazeneca waktuwaktuâ€¦,1
402,1269881545206099968,humaspolrespri1,0,2021-03-28 23:24:39,mengajak komponen bangsa mendukung langkahlangkah pemerintah mengatasi pandemi denganâ€¦ tcoxaoqogueo,0
403,1267990205551669248,Polsek_IT_2,0,2021-03-28 23:24:39,bhabinkamtibmas kelurahan sungai buah aipda pramono sh melaksanakan kegiatan pemakaian masker warga gunaâ€¦ tcolmeudqwh,0
404,1235482303045849088,bukatejapolsek2,0,2021-03-28 23:24:38,rt humasrespbg biasakan pakai maskermari cegah penyebaran covid tcowdieucb,0
405,433391820,Amighuding,0,2021-03-28 23:24:29,rt theghrack salam sy dgn rendah hati doakan kesembuhan utk pakcik amp makcik sy yg positive covid kelantan makcik baâ€¦,0
406,1375763463880933378,MadiunTiens,0,2021-03-28 23:24:28,jamur cordyceps pencegahan covid covid covid corona ingatpesanibu mudik ayovaksintetapmâ€¦ tcotgxvtnuam,0
407,1721610859,ParamesPolaris,0,2021-03-28 23:24:28,rt japenwpkl covid bercuti sentiasa patuhi sop amalkan kawalan kendirijangan punca penularan wabak coviâ€¦,0
408,729821785663758336,Pemkab_Kudus,0,2021-03-28 23:24:13,data terbaru sebaran covid kabkudus maret wib info grafis sajikan berasalâ€¦ tcophwzygshd,0
409,1721610859,ParamesPolaris,0,2021-03-28 23:24:11,rt japenwpkl fokus penyampaian maklumat ğŸ“Œ program imunisasi covid kebangsaan ğŸ“Œ pelanjutan tempoh pelaksanaan perintah kawalan pergâ€¦,0
410,385682696,mas_soll,0,2021-03-28 23:24:08,rt dgipul pegawai bri bca kena covid isolasi mandiri nda ya,0
411,1290828932023857152,nadyakhrnzz,0,2021-03-28 23:24:06,rt segipascal berhubung utbk suka badut suka nyinggung fenomena terbaru gua bikin riset kecilan temen guaâ€¦,1
412,30000027,Mrx_Lonely,0,2021-03-28 23:24:00,rt dghisham kadar kebolehjangkitan covid rort jangkaan mengikut kes seharian hb march negara adalâ€¦,0
413,1721610859,ParamesPolaris,0,2021-03-28 23:23:40,rt japenwpkl infoonwheels rangkuman info on wheels iow program imunisasi covid kebangsaan mac tcâ€¦,0
414,1721610859,ParamesPolaris,0,2021-03-28 23:23:36,rt kkmputrajaya sila pakai pelitup muka sesak tiada penjarakan fizikal melindungi orang dâ€¦,0
415,1269881545206099968,humaspolrespri1,0,2021-03-28 23:23:32,melindungi covidâ€¢ memakai masker benarâ€¢ mencuci tangan pakai sabunâ€¢ menjaga jarak miâ€¦ tcollcgqrjy,1
416,1248415040669011968,astaghosh,0,2021-03-28 23:23:26,rt firdzaradiany gawat klaster sekolah meledak sma kota padang smat kota bandung diâ€¦,0
417,1721610859,ParamesPolaris,0,2021-03-28 23:23:25,rt jpenerangan fasa pemberian vaksin mengikut pelan imunisasi covid kebangsaan dirangka kementeriaâ€¦,0
418,1721610859,ParamesPolaris,0,2021-03-28 23:23:17,rt jpenerangan tajuk covid | positifanda positif covid rumahjom tengok ahli rumah anâ€¦,1
419,1721610859,ParamesPolaris,0,2021-03-28 23:23:10,rt japenwpkl â˜ï¸ğ—›ğ—¢ğ—§ğ—Ÿğ—œğ—¡ğ—˜ ğ—©ğ—”ğ—ğ—¦ğ—œğ—¡ ğ—–ğ—¢ğ—©ğ—œğ——ğŸ­ğŸµ warga kuala lumpur putrajaya hubungi ğŸ“ talian hotline sebarang berâ€¦,0
420,1721610859,ParamesPolaris,0,2021-03-28 23:23:02,rt japenwpkl pesakit menjalani dialisis berisiko penyakit berjangkit covidpesakit menjalani dialisis bolâ€¦,0
421,1365051892900917248,AgustianaChitra,0,2021-03-28 23:22:56,pemprov pwi jatim berkonsentrasi mengatasi pandemi covid,0
422,1944592254,HumasKbarum,0,2021-03-28 23:22:55,sobat polri yuk simak pencegahan covid perbelanjaanğŸ¥°ğŸ¥° tcodosofwjak,1
423,273090588,nurulsapiq,0,2021-03-28 23:22:47,rt theghrack salam sy dgn rendah hati doakan kesembuhan utk pakcik amp makcik sy yg positive covid kelantan makcik baâ€¦,0
424,1367341831738945537,KelingMenua8,0,2021-03-28 23:22:43,rt mknjpm sebabsebabnya pilih vaksin covidjom daftar vaksin bantu negara pulih sepenuhnya segi kesihatâ€¦,1
425,2424619963,aril2995,0,2021-03-28 23:22:40,rt dghisham kadar kebolehjangkitan covid rort jangkaan mengikut kes seharian hb march negara adalâ€¦,0
426,1012657320705253376,ashikynnn_,0,2021-03-28 23:22:28,rt dghisham kadar kebolehjangkitan covid rort jangkaan mengikut kes seharian hb march negara adalâ€¦,0
427,459209403,rasifm,0,2021-03-28 23:22:27,update peta sebaran covid maret wib tcoxcdizbaw,0
428,978238344,thea_effendy,0,2021-03-28 23:22:24,rt kikysaputrii udah denger genosealat deteksi covid hembusan nafas yg ditemukan o peneliti ugm diuji ampâ€¦,0
429,1204214943047811072,polseksipispis1,0,2021-03-28 23:22:19,lawan covid jaga jarak sosial tcoqkwszjwvhq,0
430,153242278,kireiharunohana,0,2021-03-28 23:22:18,rt firdzaradiany gawat klaster sekolah meledak sma kota padang smat kota bandung diâ€¦,0
431,1367341831738945537,KelingMenua8,0,2021-03-28 23:22:12,rt mknjpm alpa covid cutisentiasa patuh sop ditetapkanbersama putuskan rantaian covid htâ€¦,1
432,3224803400,iamsyeikh,0,2021-03-28 23:21:58,rt marchfoward katil rumah tidur masjid tunggu solat is the best sleep evertapi time covid ni takleh bâ€¦,0
433,1367341831738945537,KelingMenua8,0,2021-03-28 23:21:52,rt kkmputrajaya kes kematian warganegara akibat jangkitan covid dilaporkan menjadikan kematian covid malaysia adalaâ€¦,0
434,1356891457613783043,koramil16bgl,0,2021-03-28 23:21:52,babinsa koramil bgl sertu murwanta melaksanakan komsos sosialisasi program ppkm mikro sosialisasikanâ€¦ tcoownjdpyfn,0
435,147203203,Cahyadi_refa,0,2021-03-28 23:21:38,rt drkoko belasan siswa positif covid ikuti pembelajaran tatap muka pemkot bandung hentikan kegiatan sekolah kluâ€¦,1
436,1595328144,zulfikar_husein,0,2021-03-28 23:21:37,rt puthutea cek satpam teman yg tersebar wag warga sleman adanyapeningkatan covidâ€¦,1
437,1328095010,tomitexas,0,2021-03-28 23:21:35,rt pencerah warga dki kayaknya muak gaya kepemimpinan aniesbaswedan alasan anggaran penangan câ€¦,0
438,719422098,diplomatfatui,0,2021-03-28 23:21:34,rt kikysaputrii udah denger genosealat deteksi covid hembusan nafas yg ditemukan o peneliti ugm diuji ampâ€¦,0
439,1944592254,HumasKbarum,0,2021-03-28 23:21:34,guys mengalami pandemi covidtapi berhubungan orang sayangiâ€¦ tcoglhskpmf,1
440,974593532022411265,i4akta0gt,0,2021-03-28 23:21:20,pemerintah dukung kalbe farma luncurkan tes diagnostik covid karya anak bangsa semangatmembangunri âœŠ tcoeimlxzoljy,0
441,39723123,myureceptor,0,2021-03-28 23:21:11,jam jaga bius pasien covid biji gejala covidnya hamil pekerja paâ€¦ tcoeruaidfd,0
442,1595328144,zulfikar_husein,0,2021-03-28 23:21:05,rt firdzaradiany gawat klaster sekolah meledak sma kota padang smat kota bandung diâ€¦,0
443,1595149746,DGHisham,0,2021-03-28 23:20:59,kadar kebolehjangkitan covid rort jangkaan mengikut kes seharian hb march nâ€¦ tcougqxpnpear,0
444,1113316434157789184,DhiaDemmy,0,2021-03-28 23:20:54,rt abuwaras patut apresiasi larangan mudik yg dikeluarkan pemerintah utk mencegah peningkatan covid masyarakat duâ€¦,0
445,987711101742731264,Lamana18290144,0,2021-03-28 23:20:49,sertu supriyanto anggota koramil karangpandanminggu maret pembeli warung hik pinggir jln trotoâ€¦ tcomuravxv,0
446,1367341831738945537,KelingMenua8,0,2021-03-28 23:20:45,rt kkmmgov vaksinasi covid hamilibu hamil mengambil vaksin comirnaty covidlindung lindung semuasumberâ€¦,0
447,1375258584502530048,EnalNkri,0,2021-03-28 23:20:30,rt divhumaspolri mengajak komponen bangsa mendukung langkahlangkah pemerintah mengatasi pandemi menâ€¦,0
448,1004383596788846592,polwonosegoro,0,2021-03-28 23:20:27,polres boyolali pesan singkat kapolsek wonosegoro akp maryono sh masyarakatku covid cegah covâ€¦ tcogyfnacay,0
449,1057076484626505730,gwywoo,0,2021-03-28 23:20:00,rt zwolftenaugust guys need help urgent butuh donor darah gol a rhesus + plasma konvalesen penyintas covid udah negaâ€¦,0
450,73299530,dirmanrdl,0,2021-03-28 23:19:53,rt pencerah warga dki kayaknya muak gaya kepemimpinan aniesbaswedan alasan anggaran penangan câ€¦,0
451,1257186360466665473,Polsek__Klatara,0,2021-03-28 23:19:52,cegah covid memakai masker taati prokes tcopigdppkq,1
452,1292801631096995841,djerrymoused39,0,2021-03-28 23:19:50,rt pencerah warga dki kayaknya muak gaya kepemimpinan aniesbaswedan alasan anggaran penangan câ€¦,0
453,897161378267504640,RMaulanal,0,2021-03-28 23:19:45,rt kikysaputrii udah denger genosealat deteksi covid hembusan nafas yg ditemukan o peneliti ugm diuji ampâ€¦,0
454,892902177416503296,PolsekKalimanah,0,2021-03-28 23:19:35,biasakan pakai maskermari cegah penyebaran covid tcolrdsxasm,0
455,189059637,sonorafmjogja,0,2021-03-28 23:19:23,selamatpagijogja l kompas l dampak covid pandemi pekerja sinema radio sonorafmjogja,0
456,1233697371751501824,Malini2020,0,2021-03-28 23:19:14,rt almiindonesia ekonomi biodiversitas indonesiamasa umat manusia anak muda indonesia bergantung seberaâ€¦,0
457,1343563920531804166,HeriSuwondo2,0,2021-03-28 23:19:12,rt drkoko belasan siswa positif covid ikuti pembelajaran tatap muka pemkot bandung hentikan kegiatan sekolah kluâ€¦,1
458,1081103369236697088,kafara666,0,2021-03-28 23:19:03,sociotalker enak kanakhirnya rakyat yg korban dokter endorsanduit endorsan dah cair kang vaksâ€¦ tcorysnyxas,1
459,1363071374122655746,PBantarsari,0,2021-03-28 23:19:02,personil polsek bantarsari melaksanakan ops yustisi tim gugus tugas penanganan covid kecamatan bantarsari dâ€¦ tcoibiilgypg,0
460,151886438,annsftrna,0,2021-03-28 23:19:01,nis trekking kaliii wkwk sorry fren kebanyakan urus covidğŸ˜‚ğŸ™ğŸ»,1
461,1274949350,AzriGagor,0,2021-03-28 23:18:56,rt thejakpar kampung orang asli lubuk perah tegangdalam situasi pandemik covid melanda negara pemaju amp berkuasâ€¦,0
462,1066221784935030784,polsekkotalmj,0,2021-03-28 23:18:55,operasi yustisidalam penanganan covid operasi yustisi peningkatan disiplin protokol kesehatan edukasiâ€¦ tcotscfeowhvb,1
463,1893649446,arvthar,0,2021-03-28 23:18:52,covid merda,0
464,1066221784935030784,polsekkotalmj,0,2021-03-28 23:18:50,operasi yustisidalam penanganan covid operasi yustisi peningkatan disiplin protokol kesehatan edukasiâ€¦ tcoikjqzl,1
465,987711101742731264,Lamana18290144,0,2021-03-28 23:18:47,sertu supriyanto anggota koramil karangpandanminggu maret pembeli warung hik pinggir jln trotoâ€¦ tcomscjedftip,0
466,22126902,republikaonline,0,2021-03-28 23:18:36,vaksinasi covid pesantren diharap rmi pbnu tcoidnlrqrzjh,0
467,1364838167614918658,BangsaGuru,0,2021-03-28 23:18:35,guru guru dki jakarta divaksin covid mall ciputra mega kuningan jakarta selatan tcohugvijq tcomscrxmgvak,0
468,492984154,_noorayu_,0,2021-03-28 23:18:34,rt theghrack salam sy dgn rendah hati doakan kesembuhan utk pakcik amp makcik sy yg positive covid kelantan makcik baâ€¦,0
469,950874046790381568,HKaligondang,0,2021-03-28 23:18:32,biasakan pakai maskermari cegah penyebaran covid tcoyrkzcugxr,0
470,1944592254,HumasKbarum,0,2021-03-28 23:18:25,mari terapkan m mencegah penyebaran covid tcobnpjwcskl,0
471,1206118315950653440,amiranatashasss,0,2021-03-28 23:18:22,rt jbrullhhhh percaya takkan kenal hand sanitizer tu covid muncul,1
472,1028949007807041537,Wahyuni48070085,0,2021-03-28 23:18:13,rt kikysaputrii udah denger genosealat deteksi covid hembusan nafas yg ditemukan o peneliti ugm diuji ampâ€¦,0
473,1081103369236697088,kafara666,0,2021-03-28 23:18:10,aldoregi sociotalker duit endorse astrazeneca kalitcolvuydnov,0
474,1292771510818496514,IWar69,0,2021-03-28 23:18:09,rt jokowi indonesia juta dosis vaksin covid sinovac astrazeneca waktuwaktuâ€¦,1
475,1363071374122655746,PBantarsari,0,2021-03-28 23:18:08,personil polsek bantarsari melaksanakan ops yustisi tim gugus tugas penanganan covid kecamatan bantarsari dâ€¦ tcouubjebmx,0
476,1367341831738945537,KelingMenua8,0,2021-03-28 23:17:59,rt jpenerangan tajuk covid | positifanda positif covid rumahjom tengok ahli rumah anâ€¦,1
477,4619069834,amirah_nafissa,0,2021-03-28 23:17:58,rt thejakpar kampung orang asli lubuk perah tegangdalam situasi pandemik covid melanda negara pemaju amp berkuasâ€¦,0
478,1313354486207799296,KudusSatbinmas,0,2021-03-28 23:17:58,rt poldajateng selamat siang mitra polri patuhi protokol kesehatan m ya dijauhi virus covid tcoâ€¦,1
479,1081103369236697088,kafara666,0,2021-03-28 23:17:36,rullyramadhana sociotalker enaklah endorse vaksin astrazeneca indonesia dianya vaksin moderna wkwkwkwkwkâ€¦ tcoyghwnw,1
480,86705495,emille1111,0,2021-03-28 23:17:31,rt abuwaras patut apresiasi larangan mudik yg dikeluarkan pemerintah utk mencegah peningkatan covid masyarakat duâ€¦,0
481,1367341831738945537,KelingMenua8,0,2021-03-28 23:17:26,rt jpenerangan pemakaian pelitup muka salah mitigasi mencegah risiko jangkitan penularan wabak covid pemakaiaâ€¦,0
482,1367341831738945537,KelingMenua8,0,2021-03-28 23:17:23,rt jpenerangan elak s leka covid sentiasa covidkitateguhkitamenangkomunikasikitajabatanpenerangan httâ€¦,1
483,1144429151471804416,SumberPolsek,0,2021-03-28 23:17:10,patuhi protokol kesehatan mselalu pakai masker cegah penyebaran covid humaspolseksumber tcogydxvhex,1
484,1374612921955676161,_Fifi1234,0,2021-03-28 23:17:08,rt ratu gibran rakabuming raka menandai pembukaan turnamen menekan tombol sirine venue menerapkan protoâ€¦,0
485,1254359179411611648,kianinara3,0,2021-03-28 23:17:07,rt tonaytoni kapolri berharap warga berperan aktif tangkal hoaks covid tcospoazcwqchoak menyebar luas dimedsos tentâ€¦,1
486,1270686122570584065,Aviary39871447,0,2021-03-28 23:16:56,apapun kegiatan aktivitasmu taati protokol kesehatan covid m kepentingan bersamaâ€¦ tcofiiilvik,1
487,1239768248935047169,mumyfd,0,2021-03-28 23:16:50,rt jpenerangan pemakaian pelitup muka salah mitigasi mencegah risiko jangkitan penularan wabak covid pemakaiaâ€¦,0
488,1363071374122655746,PBantarsari,0,2021-03-28 23:16:45,personil polsek bantarsari melaksanakan ops yustisi tim gugus tugas penanganan covid kecamatan bantarsari dâ€¦ tcodtdaiull,0
489,1305629864020660226,LeonelPjanic,0,2021-03-28 23:16:41,rt iamrahulkanal shabebarat mubarak ki darkhwast ğŸ™ peace and victory over covid for maharashtra and india ğŸ™ tcoarojyhf,0
490,1335951889230229506,JackPenak,0,2021-03-28 23:16:34,rt divhumaspolri sobat polri ayo patuhi protokol kesehatan menjaga jarak ya berdekatan tâ€¦,1
491,1239768248935047169,mumyfd,0,2021-03-28 23:16:29,rt jpenerangan elak s leka covid sentiasa covidkitateguhkitamenangkomunikasikitajabatanpenerangan httâ€¦,1
492,60637169,redywanjames,0,2021-03-28 23:16:25,rt jokowi indonesia juta dosis vaksin covid sinovac astrazeneca waktuwaktuâ€¦,1
493,1013498164987375616,rieeennnnn,0,2021-03-28 23:15:51,rt theghrack salam sy dgn rendah hati doakan kesembuhan utk pakcik amp makcik sy yg positive covid kelantan makcik baâ€¦,0
494,527917701,tonky_tonky,0,2021-03-28 23:15:50,rt puthutea cek satpam teman yg tersebar wag warga sleman adanyapeningkatan covidâ€¦,1
495,4437918318,akmalhjsaftu,0,2021-03-28 23:15:44,rt theghrack salam sy dgn rendah hati doakan kesembuhan utk pakcik amp makcik sy yg positive covid kelantan makcik baâ€¦,0
496,596216213,jamal_bawean,0,2021-03-28 23:15:39,rt drkoko belasan siswa positif covid ikuti pembelajaran tatap muka pemkot bandung hentikan kegiatan sekolah kluâ€¦,1
497,1210882111973933058,santuyparuy09,0,2021-03-28 23:15:38,rt segipascal berhubung utbk suka badut suka nyinggung fenomena terbaru gua bikin riset kecilan temen guaâ€¦,1
498,834572846072418305,kotapontianak_,0,2021-03-28 23:15:36,informasi data covid kota pontianak data diperbarui maret wibpantau perkembangan iâ€¦ tcomuvxydpdb,1
499,1257186360466665473,Polsek__Klatara,0,2021-03-28 23:15:25,yuk pahami tujuan vaksinasi covid tcovbrirjsx,0
